Workbook

Sheet Valores
A1: Feriados | C1: Día | D1: Ventas Semana | E1: % | H1: Día | I1: Cálculo 01 | J1: N° Semana | K1: Año | L1: Cálculo02 | M1: Pondera Día | N1: Calculo03 | O1: Peso Día Final | P1: Plata
A2: 43726 | C2: 1 | D2: 10000 | E2: =Valores!$D2/SUM(Valores!$D$2:$D$8) -> 0.1 | H2: 43709 | I2: =VLOOKUP(WEEKNUM(Valores!$H2,2)-WEEKNUM(EOMONTH(Valores!$H2,-1)+1,2)+1,Valores!$C$11:$F$16,IF((WEEKNUM(EOMONTH(H2,0),2)-WEEKNUM(EOMONTH(H2,-1)+1,2)+1)=4,2,IF((WEEKNUM(EOMONTH(H2,0),2)-WEEKNUM(EOMONTH(H2,-1)+1,2)+1)=5,3,IF((WEEKNUM(EOMONTH(H2,0),2)-WEEKNUM(EOMONTH(H2,-1)+1,2)+1)=6,4,0))),0) -> 0.25 | J2: =WEEKNUM(Valores!$H2,2) -> 35 | K2: 2019 | L2: =WEEKDAY(Valores!$H2,2) -> 7 | M2: 0.07 | N2: =Valores!$I2*Valores!$M2 -> 0.0175 | O2: =Valores!$N2/SUMIFS(Valores!$N$2:$N$154,Valores!$H$2:$H$154,">="&EOMONTH(Valores!$H2,-1)+1,Valores!$H$2:$H$154,"<="&EOMONTH(Valores!$H2,0)) -> 0.028797104 | P2: =Valores!$O2*7754000 -> 223292.74
A3: 43727 | C3: 2 | D3: 10000 | E3: =Valores!$D3/SUM(Valores!$D$2:$D$8) -> 0.1 | H3: 43710 | I3: =VLOOKUP(WEEKNUM(Valores!$H3,2)-WEEKNUM(EOMONTH(Valores!$H3,-1)+1,2)+1,Valores!$C$11:$F$16,IF((WEEKNUM(EOMONTH(H3,0),2)-WEEKNUM(EOMONTH(H3,-1)+1,2)+1)=4,2,IF((WEEKNUM(EOMONTH(H3,0),2)-WEEKNUM(EOMONTH(H3,-1)+1,2)+1)=5,3,IF((WEEKNUM(EOMONTH(H3,0),2)-WEEKNUM(EOMONTH(H3,-1)+1,2)+1)=6,4,0))),0) -> 0.12 | J3: =WEEKNUM(Valores!$H3,2) -> 36 | K3: 2019 | L3: =WEEKDAY(Valores!$H3,2) -> 1 | M3: =VLOOKUP(Valores!$L3,Valores!$C$2:$E$8,3,0) -> 0.1 | N3: =Valores!$I3*Valores!$M3 -> 0.012 | O3: =Valores!$N3/SUMIFS(Valores!$N$2:$N$154,Valores!$H$2:$H$154,">="&EOMONTH(Valores!$H3,-1)+1,Valores!$H$2:$H$154,"<="&EOMONTH(Valores!$H3,0)) -> 0.019746585 | P3: =Valores!$O3*7754000 -> 153115.02
A4: 43728 | C4: 3 | D4: 10000 | E4: =Valores!$D4/SUM(Valores!$D$2:$D$8) -> 0.1 | H4: 43711 | I4: =VLOOKUP(WEEKNUM(Valores!$H4,2)-WEEKNUM(EOMONTH(Valores!$H4,-1)+1,2)+1,Valores!$C$11:$F$16,IF((WEEKNUM(EOMONTH(H4,0),2)-WEEKNUM(EOMONTH(H4,-1)+1,2)+1)=4,2,IF((WEEKNUM(EOMONTH(H4,0),2)-WEEKNUM(EOMONTH(H4,-1)+1,2)+1)=5,3,IF((WEEKNUM(EOMONTH(H4,0),2)-WEEKNUM(EOMONTH(H4,-1)+1,2)+1)=6,4,0))),0) -> 0.12 | J4: =WEEKNUM(Valores!$H4,2) -> 36 | K4: 2019 | L4: =WEEKDAY(Valores!$H4,2) -> 2 | M4: =VLOOKUP(Valores!$L4,Valores!$C$2:$E$8,3,0) -> 0.1 | N4: =Valores!$I4*Valores!$M4 -> 0.012 | O4: =Valores!$N4/SUMIFS(Valores!$N$2:$N$154,Valores!$H$2:$H$154,">="&EOMONTH(Valores!$H4,-1)+1,Valores!$H$2:$H$154,"<="&EOMONTH(Valores!$H4,0)) -> 0.019746585 | P4: =Valores!$O4*7754000 -> 153115.02
A5: 43750 | C5: 4 | D5: 10000 | E5: =Valores!$D5/SUM(Valores!$D$2:$D$8) -> 0.1 | H5: 43712 | I5: =VLOOKUP(WEEKNUM(Valores!$H5,2)-WEEKNUM(EOMONTH(Valores!$H5,-1)+1,2)+1,Valores!$C$11:$F$16,IF((WEEKNUM(EOMONTH(H5,0),2)-WEEKNUM(EOMONTH(H5,-1)+1,2)+1)=4,2,IF((WEEKNUM(EOMONTH(H5,0),2)-WEEKNUM(EOMONTH(H5,-1)+1,2)+1)=5,3,IF((WEEKNUM(EOMONTH(H5,0),2)-WEEKNUM(EOMONTH(H5,-1)+1,2)+1)=6,4,0))),0) -> 0.12 | J5: =WEEKNUM(Valores!$H5,2) -> 36 | K5: 2019 | L5: =WEEKDAY(Valores!$H5,2) -> 3 | M5: =VLOOKUP(Valores!$L5,Valores!$C$2:$E$8,3,0) -> 0.1 | N5: =Valores!$I5*Valores!$M5 -> 0.012 | O5: =Valores!$N5/SUMIFS(Valores!$N$2:$N$154,Valores!$H$2:$H$154,">="&EOMONTH(Valores!$H5,-1)+1,Valores!$H$2:$H$154,"<="&EOMONTH(Valores!$H5,0)) -> 0.019746585 | P5: =Valores!$O5*7754000 -> 153115.02
A6: 43769 | C6: 5 | D6: 20000 | E6: =Valores!$D6/SUM(Valores!$D$2:$D$8) -> 0.2 | H6: 43713 | I6: =VLOOKUP(WEEKNUM(Valores!$H6,2)-WEEKNUM(EOMONTH(Valores!$H6,-1)+1,2)+1,Valores!$C$11:$F$16,IF((WEEKNUM(EOMONTH(H6,0),2)-WEEKNUM(EOMONTH(H6,-1)+1,2)+1)=4,2,IF((WEEKNUM(EOMONTH(H6,0),2)-WEEKNUM(EOMONTH(H6,-1)+1,2)+1)=5,3,IF((WEEKNUM(EOMONTH(H6,0),2)-WEEKNUM(EOMONTH(H6,-1)+1,2)+1)=6,4,0))),0) -> 0.12 | J6: =WEEKNUM(Valores!$H6,2) -> 36 | K6: 2019 | L6: =WEEKDAY(Valores!$H6,2) -> 4 | M6: =VLOOKUP(Valores!$L6,Valores!$C$2:$E$8,3,0) -> 0.1 | N6: =Valores!$I6*Valores!$M6 -> 0.012 | O6: =Valores!$N6/SUMIFS(Valores!$N$2:$N$154,Valores!$H$2:$H$154,">="&EOMONTH(Valores!$H6,-1)+1,Valores!$H$2:$H$154,"<="&EOMONTH(Valores!$H6,0)) -> 0.019746585 | P6: =Valores!$O6*7754000 -> 153115.02
A7: 43770 | C7: 6 | D7: 25000 | E7: =Valores!$D7/SUM(Valores!$D$2:$D$8) -> 0.25 | H7: 43714 | I7: =VLOOKUP(WEEKNUM(Valores!$H7,2)-WEEKNUM(EOMONTH(Valores!$H7,-1)+1,2)+1,Valores!$C$11:$F$16,IF((WEEKNUM(EOMONTH(H7,0),2)-WEEKNUM(EOMONTH(H7,-1)+1,2)+1)=4,2,IF((WEEKNUM(EOMONTH(H7,0),2)-WEEKNUM(EOMONTH(H7,-1)+1,2)+1)=5,3,IF((WEEKNUM(EOMONTH(H7,0),2)-WEEKNUM(EOMONTH(H7,-1)+1,2)+1)=6,4,0))),0) -> 0.12 | J7: =WEEKNUM(Valores!$H7,2) -> 36 | K7: 2019 | L7: =WEEKDAY(Valores!$H7,2) -> 5 | M7: =VLOOKUP(Valores!$L7,Valores!$C$2:$E$8,3,0) -> 0.2 | N7: =Valores!$I7*Valores!$M7 -> 0.024 | O7: =Valores!$N7/SUMIFS(Valores!$N$2:$N$154,Valores!$H$2:$H$154,">="&EOMONTH(Valores!$H7,-1)+1,Valores!$H$2:$H$154,"<="&EOMONTH(Valores!$H7,0)) -> 0.039493171 | P7: =Valores!$O7*7754000 -> 306230.05
A8: 43807 | C8: 7 | D8: 15000 | E8: =Valores!$D8/SUM(Valores!$D$2:$D$8) -> 0.15 | H8: 43715 | I8: =VLOOKUP(WEEKNUM(Valores!$H8,2)-WEEKNUM(EOMONTH(Valores!$H8,-1)+1,2)+1,Valores!$C$11:$F$16,IF((WEEKNUM(EOMONTH(H8,0),2)-WEEKNUM(EOMONTH(H8,-1)+1,2)+1)=4,2,IF((WEEKNUM(EOMONTH(H8,0),2)-WEEKNUM(EOMONTH(H8,-1)+1,2)+1)=5,3,IF((WEEKNUM(EOMONTH(H8,0),2)-WEEKNUM(EOMONTH(H8,-1)+1,2)+1)=6,4,0))),0) -> 0.12 | J8: =WEEKNUM(Valores!$H8,2) -> 36 | K8: 2019 | L8: =WEEKDAY(Valores!$H8,2) -> 6 | M8: =VLOOKUP(Valores!$L8,Valores!$C$2:$E$8,3,0) -> 0.25 | N8: =Valores!$I8*Valores!$M8 -> 0.03 | O8: =Valores!$N8/SUMIFS(Valores!$N$2:$N$154,Valores!$H$2:$H$154,">="&EOMONTH(Valores!$H8,-1)+1,Valores!$H$2:$H$154,"<="&EOMONTH(Valores!$H8,0)) -> 0.049366464 | P8: =Valores!$O8*7754000 -> 382787.56
A9: 43824 | H9: 43716 | I9: =VLOOKUP(WEEKNUM(Valores!$H9,2)-WEEKNUM(EOMONTH(Valores!$H9,-1)+1,2)+1,Valores!$C$11:$F$16,IF((WEEKNUM(EOMONTH(H9,0),2)-WEEKNUM(EOMONTH(H9,-1)+1,2)+1)=4,2,IF((WEEKNUM(EOMONTH(H9,0),2)-WEEKNUM(EOMONTH(H9,-1)+1,2)+1)=5,3,IF((WEEKNUM(EOMONTH(H9,0),2)-WEEKNUM(EOMONTH(H9,-1)+1,2)+1)=6,4,0))),0) -> 0.12 | J9: =WEEKNUM(Valores!$H9,2) -> 36 | K9: 2019 | L9: =WEEKDAY(Valores!$H9,2) -> 7 | M9: =VLOOKUP(Valores!$L9,Valores!$C$2:$E$8,3,0) -> 0.15 | N9: =Valores!$I9*Valores!$M9 -> 0.018 | O9: =Valores!$N9/SUMIFS(Valores!$N$2:$N$154,Valores!$H$2:$H$154,">="&EOMONTH(Valores!$H9,-1)+1,Valores!$H$2:$H$154,"<="&EOMONTH(Valores!$H9,0)) -> 0.029619878 | P9: =Valores!$O9*7754000 -> 229672.54
A10: 43831 | C10: Mes | D10: 4 SEMANAS | E10: 5 SEMANANAS | F10: 6 SEMANAS | H10: 43717 | I10: =VLOOKUP(WEEKNUM(Valores!$H10,2)-WEEKNUM(EOMONTH(Valores!$H10,-1)+1,2)+1,Valores!$C$11:$F$16,IF((WEEKNUM(EOMONTH(H10,0),2)-WEEKNUM(EOMONTH(H10,-1)+1,2)+1)=4,2,IF((WEEKNUM(EOMONTH(H10,0),2)-WEEKNUM(EOMONTH(H10,-1)+1,2)+1)=5,3,IF((WEEKNUM(EOMONTH(H10,0),2)-WEEKNUM(EOMONTH(H10,-1)+1,2)+1)=6,4,0))),0) -> 0.16 | J10: =WEEKNUM(Valores!$H10,2) -> 37 | K10: 2019 | L10: =WEEKDAY(Valores!$H10,2) -> 1 | M10: =VLOOKUP(Valores!$L10,Valores!$C$2:$E$8,3,0) -> 0.1 | N10: =Valores!$I10*Valores!$M10 -> 0.016 | O10: =Valores!$N10/SUMIFS(Valores!$N$2:$N$154,Valores!$H$2:$H$154,">="&EOMONTH(Valores!$H10,-1)+1,Valores!$H$2:$H$154,"<="&EOMONTH(Valores!$H10,0)) -> 0.026328781 | P10: =Valores!$O10*7754000 -> 204153.37
A11: 43931 | C11: 1 | D11: 0.32 | E11: 0.28 | F11: 0.25 | H11: 43718 | I11: =VLOOKUP(WEEKNUM(Valores!$H11,2)-WEEKNUM(EOMONTH(Valores!$H11,-1)+1,2)+1,Valores!$C$11:$F$16,IF((WEEKNUM(EOMONTH(H11,0),2)-WEEKNUM(EOMONTH(H11,-1)+1,2)+1)=4,2,IF((WEEKNUM(EOMONTH(H11,0),2)-WEEKNUM(EOMONTH(H11,-1)+1,2)+1)=5,3,IF((WEEKNUM(EOMONTH(H11,0),2)-WEEKNUM(EOMONTH(H11,-1)+1,2)+1)=6,4,0))),0) -> 0.16 | J11: =WEEKNUM(Valores!$H11,2) -> 37 | K11: 2019 | L11: =WEEKDAY(Valores!$H11,2) -> 2 | M11: =VLOOKUP(Valores!$L11,Valores!$C$2:$E$8,3,0) -> 0.1 | N11: =Valores!$I11*Valores!$M11 -> 0.016 | O11: =Valores!$N11/SUMIFS(Valores!$N$2:$N$154,Valores!$H$2:$H$154,">="&EOMONTH(Valores!$H11,-1)+1,Valores!$H$2:$H$154,"<="&EOMONTH(Valores!$H11,0)) -> 0.026328781 | P11: =Valores!$O11*7754000 -> 204153.37
A12: 43932 | C12: 2 | D12: 0.2 | E12: 0.15 | F12: 0.12 | H12: 43719 | I12: =VLOOKUP(WEEKNUM(Valores!$H12,2)-WEEKNUM(EOMONTH(Valores!$H12,-1)+1,2)+1,Valores!$C$11:$F$16,IF((WEEKNUM(EOMONTH(H12,0),2)-WEEKNUM(EOMONTH(H12,-1)+1,2)+1)=4,2,IF((WEEKNUM(EOMONTH(H12,0),2)-WEEKNUM(EOMONTH(H12,-1)+1,2)+1)=5,3,IF((WEEKNUM(EOMONTH(H12,0),2)-WEEKNUM(EOMONTH(H12,-1)+1,2)+1)=6,4,0))),0) -> 0.16 | J12: =WEEKNUM(Valores!$H12,2) -> 37 | K12: 2019 | L12: =WEEKDAY(Valores!$H12,2) -> 3 | M12: 0.06 | N12: =Valores!$I12*Valores!$M12 -> 0.0096 | O12: =Valores!$N12/SUMIFS(Valores!$N$2:$N$154,Valores!$H$2:$H$154,">="&EOMONTH(Valores!$H12,-1)+1,Valores!$H$2:$H$154,"<="&EOMONTH(Valores!$H12,0)) -> 0.015797268 | P12: =Valores!$O12*7754000 -> 122492.02
A13: 43952 | C13: 3 | D13: 0.23 | E13: 0.15 | F13: 0.16 | H13: 43720 | I13: =VLOOKUP(WEEKNUM(Valores!$H13,2)-WEEKNUM(EOMONTH(Valores!$H13,-1)+1,2)+1,Valores!$C$11:$F$16,IF((WEEKNUM(EOMONTH(H13,0),2)-WEEKNUM(EOMONTH(H13,-1)+1,2)+1)=4,2,IF((WEEKNUM(EOMONTH(H13,0),2)-WEEKNUM(EOMONTH(H13,-1)+1,2)+1)=5,3,IF((WEEKNUM(EOMONTH(H13,0),2)-WEEKNUM(EOMONTH(H13,-1)+1,2)+1)=6,4,0))),0) -> 0.16 | J13: =WEEKNUM(Valores!$H13,2) -> 37 | K13: 2019 | L13: =WEEKDAY(Valores!$H13,2) -> 4 | M13: =VLOOKUP(Valores!$L13,Valores!$C$2:$E$8,3,0) -> 0.1 | N13: =Valores!$I13*Valores!$M13 -> 0.016 | O13: =Valores!$N13/SUMIFS(Valores!$N$2:$N$154,Valores!$H$2:$H$154,">="&EOMONTH(Valores!$H13,-1)+1,Valores!$H$2:$H$154,"<="&EOMONTH(Valores!$H13,0)) -> 0.026328781 | P13: =Valores!$O13*7754000 -> 204153.37
A14: 43972 | C14: 4 | D14: 0.25 | E14: 0.2 | F14: 0.2 | H14: 43721 | I14: =VLOOKUP(WEEKNUM(Valores!$H14,2)-WEEKNUM(EOMONTH(Valores!$H14,-1)+1,2)+1,Valores!$C$11:$F$16,IF((WEEKNUM(EOMONTH(H14,0),2)-WEEKNUM(EOMONTH(H14,-1)+1,2)+1)=4,2,IF((WEEKNUM(EOMONTH(H14,0),2)-WEEKNUM(EOMONTH(H14,-1)+1,2)+1)=5,3,IF((WEEKNUM(EOMONTH(H14,0),2)-WEEKNUM(EOMONTH(H14,-1)+1,2)+1)=6,4,0))),0) -> 0.16 | J14: =WEEKNUM(Valores!$H14,2) -> 37 | K14: 2019 | L14: =WEEKDAY(Valores!$H14,2) -> 5 | M14: =VLOOKUP(Valores!$L14,Valores!$C$2:$E$8,3,0) -> 0.2 | N14: =Valores!$I14*Valores!$M14 -> 0.032 | O14: =Valores!$N14/SUMIFS(Valores!$N$2:$N$154,Valores!$H$2:$H$154,">="&EOMONTH(Valores!$H14,-1)+1,Valores!$H$2:$H$154,"<="&EOMONTH(Valores!$H14,0)) -> 0.052657561 | P14: =Valores!$O14*7754000 -> 408306.73
A15: 44011 | C15: 5 | E15: 0.22 | F15: 0.22 | H15: 43722 | I15: =VLOOKUP(WEEKNUM(Valores!$H15,2)-WEEKNUM(EOMONTH(Valores!$H15,-1)+1,2)+1,Valores!$C$11:$F$16,IF((WEEKNUM(EOMONTH(H15,0),2)-WEEKNUM(EOMONTH(H15,-1)+1,2)+1)=4,2,IF((WEEKNUM(EOMONTH(H15,0),2)-WEEKNUM(EOMONTH(H15,-1)+1,2)+1)=5,3,IF((WEEKNUM(EOMONTH(H15,0),2)-WEEKNUM(EOMONTH(H15,-1)+1,2)+1)=6,4,0))),0) -> 0.16 | J15: =WEEKNUM(Valores!$H15,2) -> 37 | K15: 2019 | L15: =WEEKDAY(Valores!$H15,2) -> 6 | M15: =VLOOKUP(Valores!$L15,Valores!$C$2:$E$8,3,0) -> 0.25 | N15: =Valores!$I15*Valores!$M15 -> 0.04 | O15: =Valores!$N15/SUMIFS(Valores!$N$2:$N$154,Valores!$H$2:$H$154,">="&EOMONTH(Valores!$H15,-1)+1,Valores!$H$2:$H$154,"<="&EOMONTH(Valores!$H15,0)) -> 0.065821952 | P15: =Valores!$O15*7754000 -> 510383.41
A16: 44028 | C16: 6 | F16: 0.05 | H16: 43723 | I16: =VLOOKUP(WEEKNUM(Valores!$H16,2)-WEEKNUM(EOMONTH(Valores!$H16,-1)+1,2)+1,Valores!$C$11:$F$16,IF((WEEKNUM(EOMONTH(H16,0),2)-WEEKNUM(EOMONTH(H16,-1)+1,2)+1)=4,2,IF((WEEKNUM(EOMONTH(H16,0),2)-WEEKNUM(EOMONTH(H16,-1)+1,2)+1)=5,3,IF((WEEKNUM(EOMONTH(H16,0),2)-WEEKNUM(EOMONTH(H16,-1)+1,2)+1)=6,4,0))),0) -> 0.16 | J16: =WEEKNUM(Valores!$H16,2) -> 37 | K16: 2019 | L16: =WEEKDAY(Valores!$H16,2) -> 7 | M16: =VLOOKUP(Valores!$L16,Valores!$C$2:$E$8,3,0) -> 0.15 | N16: =Valores!$I16*Valores!$M16 -> 0.024 | O16: =Valores!$N16/SUMIFS(Valores!$N$2:$N$154,Valores!$H$2:$H$154,">="&EOMONTH(Valores!$H16,-1)+1,Valores!$H$2:$H$154,"<="&EOMONTH(Valores!$H16,0)) -> 0.039493171 | P16: =Valores!$O16*7754000 -> 306230.05
A17: 44058 | C17: Total | D17: =SUBTOTAL(109,Valores!$D$11:$D$16) -> 1 | E17: =SUBTOTAL(109,Valores!$E$11:$E$16) -> 1 | F17: =SUBTOTAL(109,Valores!$F$11:$F$16) -> 1 | H17: 43724 | I17: =VLOOKUP(WEEKNUM(Valores!$H17,2)-WEEKNUM(EOMONTH(Valores!$H17,-1)+1,2)+1,Valores!$C$11:$F$16,IF((WEEKNUM(EOMONTH(H17,0),2)-WEEKNUM(EOMONTH(H17,-1)+1,2)+1)=4,2,IF((WEEKNUM(EOMONTH(H17,0),2)-WEEKNUM(EOMONTH(H17,-1)+1,2)+1)=5,3,IF((WEEKNUM(EOMONTH(H17,0),2)-WEEKNUM(EOMONTH(H17,-1)+1,2)+1)=6,4,0))),0) -> 0.2 | J17: =WEEKNUM(Valores!$H17,2) -> 38 | K17: 2019 | L17: =WEEKDAY(Valores!$H17,2) -> 1 | M17: =VLOOKUP(Valores!$L17,Valores!$C$2:$E$8,3,0) -> 0.1 | N17: =Valores!$I17*Valores!$M17 -> 0.02 | O17: =Valores!$N17/SUMIFS(Valores!$N$2:$N$154,Valores!$H$2:$H$154,">="&EOMONTH(Valores!$H17,-1)+1,Valores!$H$2:$H$154,"<="&EOMONTH(Valores!$H17,0)) -> 0.032910976 | P17: =Valores!$O17*7754000 -> 255191.71
A18: 44092 | H18: 43725 | I18: =VLOOKUP(WEEKNUM(Valores!$H18,2)-WEEKNUM(EOMONTH(Valores!$H18,-1)+1,2)+1,Valores!$C$11:$F$16,IF((WEEKNUM(EOMONTH(H18,0),2)-WEEKNUM(EOMONTH(H18,-1)+1,2)+1)=4,2,IF((WEEKNUM(EOMONTH(H18,0),2)-WEEKNUM(EOMONTH(H18,-1)+1,2)+1)=5,3,IF((WEEKNUM(EOMONTH(H18,0),2)-WEEKNUM(EOMONTH(H18,-1)+1,2)+1)=6,4,0))),0) -> 0.2 | J18: =WEEKNUM(Valores!$H18,2) -> 38 | K18: 2019 | L18: =WEEKDAY(Valores!$H18,2) -> 2 | M18: =VLOOKUP(Valores!$L18,Valores!$C$2:$E$8,3,0) -> 0.1 | N18: =Valores!$I18*Valores!$M18 -> 0.02 | O18: =Valores!$N18/SUMIFS(Valores!$N$2:$N$154,Valores!$H$2:$H$154,">="&EOMONTH(Valores!$H18,-1)+1,Valores!$H$2:$H$154,"<="&EOMONTH(Valores!$H18,0)) -> 0.032910976 | P18: =Valores!$O18*7754000 -> 255191.71
A19: 44093 | H19: 43726 | I19: =VLOOKUP(WEEKNUM(Valores!$H19,2)-WEEKNUM(EOMONTH(Valores!$H19,-1)+1,2)+1,Valores!$C$11:$F$16,IF((WEEKNUM(EOMONTH(H19,0),2)-WEEKNUM(EOMONTH(H19,-1)+1,2)+1)=4,2,IF((WEEKNUM(EOMONTH(H19,0),2)-WEEKNUM(EOMONTH(H19,-1)+1,2)+1)=5,3,IF((WEEKNUM(EOMONTH(H19,0),2)-WEEKNUM(EOMONTH(H19,-1)+1,2)+1)=6,4,0))),0) -> 0.2 | J19: =WEEKNUM(Valores!$H19,2) -> 38 | K19: 2019 | L19: =WEEKDAY(Valores!$H19,2) -> 3 | N19: =Valores!$I19*Valores!$M19 -> 0 | O19: =Valores!$N19/SUMIFS(Valores!$N$2:$N$154,Valores!$H$2:$H$154,">="&EOMONTH(Valores!$H19,-1)+1,Valores!$H$2:$H$154,"<="&EOMONTH(Valores!$H19,0)) -> 0 | P19: =Valores!$O19*7754000 -> 0
H20: 43727 | I20: =VLOOKUP(WEEKNUM(Valores!$H20,2)-WEEKNUM(EOMONTH(Valores!$H20,-1)+1,2)+1,Valores!$C$11:$F$16,IF((WEEKNUM(EOMONTH(H20,0),2)-WEEKNUM(EOMONTH(H20,-1)+1,2)+1)=4,2,IF((WEEKNUM(EOMONTH(H20,0),2)-WEEKNUM(EOMONTH(H20,-1)+1,2)+1)=5,3,IF((WEEKNUM(EOMONTH(H20,0),2)-WEEKNUM(EOMONTH(H20,-1)+1,2)+1)=6,4,0))),0) -> 0.2 | J20: =WEEKNUM(Valores!$H20,2) -> 38 | K20: 2019 | L20: =WEEKDAY(Valores!$H20,2) -> 4 | N20: =Valores!$I20*Valores!$M20 -> 0 | O20: =Valores!$N20/SUMIFS(Valores!$N$2:$N$154,Valores!$H$2:$H$154,">="&EOMONTH(Valores!$H20,-1)+1,Valores!$H$2:$H$154,"<="&EOMONTH(Valores!$H20,0)) -> 0 | P20: =Valores!$O20*7754000 -> 0
H21: 43728 | I21: =VLOOKUP(WEEKNUM(Valores!$H21,2)-WEEKNUM(EOMONTH(Valores!$H21,-1)+1,2)+1,Valores!$C$11:$F$16,IF((WEEKNUM(EOMONTH(H21,0),2)-WEEKNUM(EOMONTH(H21,-1)+1,2)+1)=4,2,IF((WEEKNUM(EOMONTH(H21,0),2)-WEEKNUM(EOMONTH(H21,-1)+1,2)+1)=5,3,IF((WEEKNUM(EOMONTH(H21,0),2)-WEEKNUM(EOMONTH(H21,-1)+1,2)+1)=6,4,0))),0) -> 0.2 | J21: =WEEKNUM(Valores!$H21,2) -> 38 | K21: 2019 | L21: =WEEKDAY(Valores!$H21,2) -> 5 | M21: 0.15 | N21: =Valores!$I21*Valores!$M21 -> 0.03 | O21: =Valores!$N21/SUMIFS(Valores!$N$2:$N$154,Valores!$H$2:$H$154,">="&EOMONTH(Valores!$H21,-1)+1,Valores!$H$2:$H$154,"<="&EOMONTH(Valores!$H21,0)) -> 0.049366464 | P21: =Valores!$O21*7754000 -> 382787.56
H22: 43729 | I22: =VLOOKUP(WEEKNUM(Valores!$H22,2)-WEEKNUM(EOMONTH(Valores!$H22,-1)+1,2)+1,Valores!$C$11:$F$16,IF((WEEKNUM(EOMONTH(H22,0),2)-WEEKNUM(EOMONTH(H22,-1)+1,2)+1)=4,2,IF((WEEKNUM(EOMONTH(H22,0),2)-WEEKNUM(EOMONTH(H22,-1)+1,2)+1)=5,3,IF((WEEKNUM(EOMONTH(H22,0),2)-WEEKNUM(EOMONTH(H22,-1)+1,2)+1)=6,4,0))),0) -> 0.2 | J22: =WEEKNUM(Valores!$H22,2) -> 38 | K22: 2019 | L22: =WEEKDAY(Valores!$H22,2) -> 6 | M22: 0.18 | N22: =Valores!$I22*Valores!$M22 -> 0.036 | O22: =Valores!$N22/SUMIFS(Valores!$N$2:$N$154,Valores!$H$2:$H$154,">="&EOMONTH(Valores!$H22,-1)+1,Valores!$H$2:$H$154,"<="&EOMONTH(Valores!$H22,0)) -> 0.059239756 | P22: =Valores!$O22*7754000 -> 459345.07
H23: 43730 | I23: =VLOOKUP(WEEKNUM(Valores!$H23,2)-WEEKNUM(EOMONTH(Valores!$H23,-1)+1,2)+1,Valores!$C$11:$F$16,IF((WEEKNUM(EOMONTH(H23,0),2)-WEEKNUM(EOMONTH(H23,-1)+1,2)+1)=4,2,IF((WEEKNUM(EOMONTH(H23,0),2)-WEEKNUM(EOMONTH(H23,-1)+1,2)+1)=5,3,IF((WEEKNUM(EOMONTH(H23,0),2)-WEEKNUM(EOMONTH(H23,-1)+1,2)+1)=6,4,0))),0) -> 0.2 | J23: =WEEKNUM(Valores!$H23,2) -> 38 | K23: 2019 | L23: =WEEKDAY(Valores!$H23,2) -> 7 | M23: 0.09 | N23: =Valores!$I23*Valores!$M23 -> 0.018 | O23: =Valores!$N23/SUMIFS(Valores!$N$2:$N$154,Valores!$H$2:$H$154,">="&EOMONTH(Valores!$H23,-1)+1,Valores!$H$2:$H$154,"<="&EOMONTH(Valores!$H23,0)) -> 0.029619878 | P23: =Valores!$O23*7754000 -> 229672.54
H24: 43731 | I24: =VLOOKUP(WEEKNUM(Valores!$H24,2)-WEEKNUM(EOMONTH(Valores!$H24,-1)+1,2)+1,Valores!$C$11:$F$16,IF((WEEKNUM(EOMONTH(H24,0),2)-WEEKNUM(EOMONTH(H24,-1)+1,2)+1)=4,2,IF((WEEKNUM(EOMONTH(H24,0),2)-WEEKNUM(EOMONTH(H24,-1)+1,2)+1)=5,3,IF((WEEKNUM(EOMONTH(H24,0),2)-WEEKNUM(EOMONTH(H24,-1)+1,2)+1)=6,4,0))),0) -> 0.22 | J24: =WEEKNUM(Valores!$H24,2) -> 39 | K24: 2019 | L24: =WEEKDAY(Valores!$H24,2) -> 1 | M24: =VLOOKUP(Valores!$L24,Valores!$C$2:$E$8,3,0) -> 0.1 | N24: =Valores!$I24*Valores!$M24 -> 0.022 | O24: =Valores!$N24/SUMIFS(Valores!$N$2:$N$154,Valores!$H$2:$H$154,">="&EOMONTH(Valores!$H24,-1)+1,Valores!$H$2:$H$154,"<="&EOMONTH(Valores!$H24,0)) -> 0.036202073 | P24: =Valores!$O24*7754000 -> 280710.88
H25: 43732 | I25: =VLOOKUP(WEEKNUM(Valores!$H25,2)-WEEKNUM(EOMONTH(Valores!$H25,-1)+1,2)+1,Valores!$C$11:$F$16,IF((WEEKNUM(EOMONTH(H25,0),2)-WEEKNUM(EOMONTH(H25,-1)+1,2)+1)=4,2,IF((WEEKNUM(EOMONTH(H25,0),2)-WEEKNUM(EOMONTH(H25,-1)+1,2)+1)=5,3,IF((WEEKNUM(EOMONTH(H25,0),2)-WEEKNUM(EOMONTH(H25,-1)+1,2)+1)=6,4,0))),0) -> 0.22 | J25: =WEEKNUM(Valores!$H25,2) -> 39 | K25: 2019 | L25: =WEEKDAY(Valores!$H25,2) -> 2 | M25: =VLOOKUP(Valores!$L25,Valores!$C$2:$E$8,3,0) -> 0.1 | N25: =Valores!$I25*Valores!$M25 -> 0.022 | O25: =Valores!$N25/SUMIFS(Valores!$N$2:$N$154,Valores!$H$2:$H$154,">="&EOMONTH(Valores!$H25,-1)+1,Valores!$H$2:$H$154,"<="&EOMONTH(Valores!$H25,0)) -> 0.036202073 | P25: =Valores!$O25*7754000 -> 280710.88
H26: 43733 | I26: =VLOOKUP(WEEKNUM(Valores!$H26,2)-WEEKNUM(EOMONTH(Valores!$H26,-1)+1,2)+1,Valores!$C$11:$F$16,IF((WEEKNUM(EOMONTH(H26,0),2)-WEEKNUM(EOMONTH(H26,-1)+1,2)+1)=4,2,IF((WEEKNUM(EOMONTH(H26,0),2)-WEEKNUM(EOMONTH(H26,-1)+1,2)+1)=5,3,IF((WEEKNUM(EOMONTH(H26,0),2)-WEEKNUM(EOMONTH(H26,-1)+1,2)+1)=6,4,0))),0) -> 0.22 | J26: =WEEKNUM(Valores!$H26,2) -> 39 | K26: 2019 | L26: =WEEKDAY(Valores!$H26,2) -> 3 | M26: =VLOOKUP(Valores!$L26,Valores!$C$2:$E$8,3,0) -> 0.1 | N26: =Valores!$I26*Valores!$M26 -> 0.022 | O26: =Valores!$N26/SUMIFS(Valores!$N$2:$N$154,Valores!$H$2:$H$154,">="&EOMONTH(Valores!$H26,-1)+1,Valores!$H$2:$H$154,"<="&EOMONTH(Valores!$H26,0)) -> 0.036202073 | P26: =Valores!$O26*7754000 -> 280710.88
H27: 43734 | I27: =VLOOKUP(WEEKNUM(Valores!$H27,2)-WEEKNUM(EOMONTH(Valores!$H27,-1)+1,2)+1,Valores!$C$11:$F$16,IF((WEEKNUM(EOMONTH(H27,0),2)-WEEKNUM(EOMONTH(H27,-1)+1,2)+1)=4,2,IF((WEEKNUM(EOMONTH(H27,0),2)-WEEKNUM(EOMONTH(H27,-1)+1,2)+1)=5,3,IF((WEEKNUM(EOMONTH(H27,0),2)-WEEKNUM(EOMONTH(H27,-1)+1,2)+1)=6,4,0))),0) -> 0.22 | J27: =WEEKNUM(Valores!$H27,2) -> 39 | K27: 2019 | L27: =WEEKDAY(Valores!$H27,2) -> 4 | M27: =VLOOKUP(Valores!$L27,Valores!$C$2:$E$8,3,0) -> 0.1 | N27: =Valores!$I27*Valores!$M27 -> 0.022 | O27: =Valores!$N27/SUMIFS(Valores!$N$2:$N$154,Valores!$H$2:$H$154,">="&EOMONTH(Valores!$H27,-1)+1,Valores!$H$2:$H$154,"<="&EOMONTH(Valores!$H27,0)) -> 0.036202073 | P27: =Valores!$O27*7754000 -> 280710.88
H28: 43735 | I28: =VLOOKUP(WEEKNUM(Valores!$H28,2)-WEEKNUM(EOMONTH(Valores!$H28,-1)+1,2)+1,Valores!$C$11:$F$16,IF((WEEKNUM(EOMONTH(H28,0),2)-WEEKNUM(EOMONTH(H28,-1)+1,2)+1)=4,2,IF((WEEKNUM(EOMONTH(H28,0),2)-WEEKNUM(EOMONTH(H28,-1)+1,2)+1)=5,3,IF((WEEKNUM(EOMONTH(H28,0),2)-WEEKNUM(EOMONTH(H28,-1)+1,2)+1)=6,4,0))),0) -> 0.22 | J28: =WEEKNUM(Valores!$H28,2) -> 39 | K28: 2019 | L28: =WEEKDAY(Valores!$H28,2) -> 5 | M28: 0.16 | N28: =Valores!$I28*Valores!$M28 -> 0.0352 | O28: =Valores!$N28/SUMIFS(Valores!$N$2:$N$154,Valores!$H$2:$H$154,">="&EOMONTH(Valores!$H28,-1)+1,Valores!$H$2:$H$154,"<="&EOMONTH(Valores!$H28,0)) -> 0.057923317 | P28: =Valores!$O28*7754000 -> 449137.4
H29: 43736 | I29: =VLOOKUP(WEEKNUM(Valores!$H29,2)-WEEKNUM(EOMONTH(Valores!$H29,-1)+1,2)+1,Valores!$C$11:$F$16,IF((WEEKNUM(EOMONTH(H29,0),2)-WEEKNUM(EOMONTH(H29,-1)+1,2)+1)=4,2,IF((WEEKNUM(EOMONTH(H29,0),2)-WEEKNUM(EOMONTH(H29,-1)+1,2)+1)=5,3,IF((WEEKNUM(EOMONTH(H29,0),2)-WEEKNUM(EOMONTH(H29,-1)+1,2)+1)=6,4,0))),0) -> 0.22 | J29: =WEEKNUM(Valores!$H29,2) -> 39 | K29: 2019 | L29: =WEEKDAY(Valores!$H29,2) -> 6 | M29: 0.2 | N29: =Valores!$I29*Valores!$M29 -> 0.044 | O29: =Valores!$N29/SUMIFS(Valores!$N$2:$N$154,Valores!$H$2:$H$154,">="&EOMONTH(Valores!$H29,-1)+1,Valores!$H$2:$H$154,"<="&EOMONTH(Valores!$H29,0)) -> 0.072404147 | P29: =Valores!$O29*7754000 -> 561421.75
H30: 43737 | I30: =VLOOKUP(WEEKNUM(Valores!$H30,2)-WEEKNUM(EOMONTH(Valores!$H30,-1)+1,2)+1,Valores!$C$11:$F$16,IF((WEEKNUM(EOMONTH(H30,0),2)-WEEKNUM(EOMONTH(H30,-1)+1,2)+1)=4,2,IF((WEEKNUM(EOMONTH(H30,0),2)-WEEKNUM(EOMONTH(H30,-1)+1,2)+1)=5,3,IF((WEEKNUM(EOMONTH(H30,0),2)-WEEKNUM(EOMONTH(H30,-1)+1,2)+1)=6,4,0))),0) -> 0.22 | J30: =WEEKNUM(Valores!$H30,2) -> 39 | K30: 2019 | L30: =WEEKDAY(Valores!$H30,2) -> 7 | M30: 0.07 | N30: =Valores!$I30*Valores!$M30 -> 0.0154 | O30: =Valores!$N30/SUMIFS(Valores!$N$2:$N$154,Valores!$H$2:$H$154,">="&EOMONTH(Valores!$H30,-1)+1,Valores!$H$2:$H$154,"<="&EOMONTH(Valores!$H30,0)) -> 0.025341451 | P30: =Valores!$O30*7754000 -> 196497.61
H31: 43738 | I31: =VLOOKUP(WEEKNUM(Valores!$H31,2)-WEEKNUM(EOMONTH(Valores!$H31,-1)+1,2)+1,Valores!$C$11:$F$16,IF((WEEKNUM(EOMONTH(H31,0),2)-WEEKNUM(EOMONTH(H31,-1)+1,2)+1)=4,2,IF((WEEKNUM(EOMONTH(H31,0),2)-WEEKNUM(EOMONTH(H31,-1)+1,2)+1)=5,3,IF((WEEKNUM(EOMONTH(H31,0),2)-WEEKNUM(EOMONTH(H31,-1)+1,2)+1)=6,4,0))),0) -> 0.05 | J31: =WEEKNUM(Valores!$H31,2) -> 40 | K31: 2019 | L31: =WEEKDAY(Valores!$H31,2) -> 1 | M31: 0.2 | N31: =Valores!$I31*Valores!$M31 -> 0.01 | O31: =Valores!$N31/SUMIFS(Valores!$N$2:$N$154,Valores!$H$2:$H$154,">="&EOMONTH(Valores!$H31,-1)+1,Valores!$H$2:$H$154,"<="&EOMONTH(Valores!$H31,0)) -> 0.016455488 | P31: =Valores!$O31*7754000 -> 127595.85
H32: 43739 | I32: =VLOOKUP(WEEKNUM(Valores!$H32,2)-WEEKNUM(EOMONTH(Valores!$H32,-1)+1,2)+1,Valores!$C$11:$F$16,IF((WEEKNUM(EOMONTH(H32,0),2)-WEEKNUM(EOMONTH(H32,-1)+1,2)+1)=4,2,IF((WEEKNUM(EOMONTH(H32,0),2)-WEEKNUM(EOMONTH(H32,-1)+1,2)+1)=5,3,IF((WEEKNUM(EOMONTH(H32,0),2)-WEEKNUM(EOMONTH(H32,-1)+1,2)+1)=6,4,0))),0) -> 0.28 | J32: =WEEKNUM(Valores!$H32,2) -> 40 | K32: 2019 | L32: =WEEKDAY(Valores!$H32,2) -> 2 | M32: =VLOOKUP(Valores!$L32,Valores!$C$2:$E$8,3,0) -> 0.1 | N32: =Valores!$I32*Valores!$M32 -> 0.028 | O32: =Valores!$N32/SUMIFS(Valores!$N$2:$N$154,Valores!$H$2:$H$154,">="&EOMONTH(Valores!$H32,-1)+1,Valores!$H$2:$H$154,"<="&EOMONTH(Valores!$H32,0)) -> 0.033342066 | P32: =Valores!$O32*7754000 -> 258534.38
H33: 43740 | I33: =VLOOKUP(WEEKNUM(Valores!$H33,2)-WEEKNUM(EOMONTH(Valores!$H33,-1)+1,2)+1,Valores!$C$11:$F$16,IF((WEEKNUM(EOMONTH(H33,0),2)-WEEKNUM(EOMONTH(H33,-1)+1,2)+1)=4,2,IF((WEEKNUM(EOMONTH(H33,0),2)-WEEKNUM(EOMONTH(H33,-1)+1,2)+1)=5,3,IF((WEEKNUM(EOMONTH(H33,0),2)-WEEKNUM(EOMONTH(H33,-1)+1,2)+1)=6,4,0))),0) -> 0.28 | J33: =WEEKNUM(Valores!$H33,2) -> 40 | K33: 2019 | L33: =WEEKDAY(Valores!$H33,2) -> 3 | M33: =VLOOKUP(Valores!$L33,Valores!$C$2:$E$8,3,0) -> 0.1 | N33: =Valores!$I33*Valores!$M33 -> 0.028 | O33: =Valores!$N33/SUMIFS(Valores!$N$2:$N$154,Valores!$H$2:$H$154,">="&EOMONTH(Valores!$H33,-1)+1,Valores!$H$2:$H$154,"<="&EOMONTH(Valores!$H33,0)) -> 0.033342066 | P33: =Valores!$O33*7754000 -> 258534.38
H34: 43741 | I34: =VLOOKUP(WEEKNUM(Valores!$H34,2)-WEEKNUM(EOMONTH(Valores!$H34,-1)+1,2)+1,Valores!$C$11:$F$16,IF((WEEKNUM(EOMONTH(H34,0),2)-WEEKNUM(EOMONTH(H34,-1)+1,2)+1)=4,2,IF((WEEKNUM(EOMONTH(H34,0),2)-WEEKNUM(EOMONTH(H34,-1)+1,2)+1)=5,3,IF((WEEKNUM(EOMONTH(H34,0),2)-WEEKNUM(EOMONTH(H34,-1)+1,2)+1)=6,4,0))),0) -> 0.28 | J34: =WEEKNUM(Valores!$H34,2) -> 40 | K34: 2019 | L34: =WEEKDAY(Valores!$H34,2) -> 4 | M34: =VLOOKUP(Valores!$L34,Valores!$C$2:$E$8,3,0) -> 0.1 | N34: =Valores!$I34*Valores!$M34 -> 0.028 | O34: =Valores!$N34/SUMIFS(Valores!$N$2:$N$154,Valores!$H$2:$H$154,">="&EOMONTH(Valores!$H34,-1)+1,Valores!$H$2:$H$154,"<="&EOMONTH(Valores!$H34,0)) -> 0.033342066 | P34: =Valores!$O34*7754000 -> 258534.38
H35: 43742 | I35: =VLOOKUP(WEEKNUM(Valores!$H35,2)-WEEKNUM(EOMONTH(Valores!$H35,-1)+1,2)+1,Valores!$C$11:$F$16,IF((WEEKNUM(EOMONTH(H35,0),2)-WEEKNUM(EOMONTH(H35,-1)+1,2)+1)=4,2,IF((WEEKNUM(EOMONTH(H35,0),2)-WEEKNUM(EOMONTH(H35,-1)+1,2)+1)=5,3,IF((WEEKNUM(EOMONTH(H35,0),2)-WEEKNUM(EOMONTH(H35,-1)+1,2)+1)=6,4,0))),0) -> 0.28 | J35: =WEEKNUM(Valores!$H35,2) -> 40 | K35: 2019 | L35: =WEEKDAY(Valores!$H35,2) -> 5 | M35: =VLOOKUP(Valores!$L35,Valores!$C$2:$E$8,3,0) -> 0.2 | N35: =Valores!$I35*Valores!$M35 -> 0.056 | O35: =Valores!$N35/SUMIFS(Valores!$N$2:$N$154,Valores!$H$2:$H$154,">="&EOMONTH(Valores!$H35,-1)+1,Valores!$H$2:$H$154,"<="&EOMONTH(Valores!$H35,0)) -> 0.066684132 | P35: =Valores!$O35*7754000 -> 517068.76
H36: 43743 | I36: =VLOOKUP(WEEKNUM(Valores!$H36,2)-WEEKNUM(EOMONTH(Valores!$H36,-1)+1,2)+1,Valores!$C$11:$F$16,IF((WEEKNUM(EOMONTH(H36,0),2)-WEEKNUM(EOMONTH(H36,-1)+1,2)+1)=4,2,IF((WEEKNUM(EOMONTH(H36,0),2)-WEEKNUM(EOMONTH(H36,-1)+1,2)+1)=5,3,IF((WEEKNUM(EOMONTH(H36,0),2)-WEEKNUM(EOMONTH(H36,-1)+1,2)+1)=6,4,0))),0) -> 0.28 | J36: =WEEKNUM(Valores!$H36,2) -> 40 | K36: 2019 | L36: =WEEKDAY(Valores!$H36,2) -> 6 | M36: =VLOOKUP(Valores!$L36,Valores!$C$2:$E$8,3,0) -> 0.25 | N36: =Valores!$I36*Valores!$M36 -> 0.07 | O36: =Valores!$N36/SUMIFS(Valores!$N$2:$N$154,Valores!$H$2:$H$154,">="&EOMONTH(Valores!$H36,-1)+1,Valores!$H$2:$H$154,"<="&EOMONTH(Valores!$H36,0)) -> 0.083355164 | P36: =Valores!$O36*7754000 -> 646335.95
H37: 43744 | I37: =VLOOKUP(WEEKNUM(Valores!$H37,2)-WEEKNUM(EOMONTH(Valores!$H37,-1)+1,2)+1,Valores!$C$11:$F$16,IF((WEEKNUM(EOMONTH(H37,0),2)-WEEKNUM(EOMONTH(H37,-1)+1,2)+1)=4,2,IF((WEEKNUM(EOMONTH(H37,0),2)-WEEKNUM(EOMONTH(H37,-1)+1,2)+1)=5,3,IF((WEEKNUM(EOMONTH(H37,0),2)-WEEKNUM(EOMONTH(H37,-1)+1,2)+1)=6,4,0))),0) -> 0.28 | J37: =WEEKNUM(Valores!$H37,2) -> 40 | K37: 2019 | L37: =WEEKDAY(Valores!$H37,2) -> 7 | M37: =VLOOKUP(Valores!$L37,Valores!$C$2:$E$8,3,0) -> 0.15 | N37: =Valores!$I37*Valores!$M37 -> 0.042 | O37: =Valores!$N37/SUMIFS(Valores!$N$2:$N$154,Valores!$H$2:$H$154,">="&EOMONTH(Valores!$H37,-1)+1,Valores!$H$2:$H$154,"<="&EOMONTH(Valores!$H37,0)) -> 0.050013099 | P37: =Valores!$O37*7754000 -> 387801.57
H38: 43745 | I38: =VLOOKUP(WEEKNUM(Valores!$H38,2)-WEEKNUM(EOMONTH(Valores!$H38,-1)+1,2)+1,Valores!$C$11:$F$16,IF((WEEKNUM(EOMONTH(H38,0),2)-WEEKNUM(EOMONTH(H38,-1)+1,2)+1)=4,2,IF((WEEKNUM(EOMONTH(H38,0),2)-WEEKNUM(EOMONTH(H38,-1)+1,2)+1)=5,3,IF((WEEKNUM(EOMONTH(H38,0),2)-WEEKNUM(EOMONTH(H38,-1)+1,2)+1)=6,4,0))),0) -> 0.15 | J38: =WEEKNUM(Valores!$H38,2) -> 41 | K38: 2019 | L38: =WEEKDAY(Valores!$H38,2) -> 1 | M38: =VLOOKUP(Valores!$L38,Valores!$C$2:$E$8,3,0) -> 0.1 | N38: =Valores!$I38*Valores!$M38 -> 0.015 | O38: =Valores!$N38/SUMIFS(Valores!$N$2:$N$154,Valores!$H$2:$H$154,">="&EOMONTH(Valores!$H38,-1)+1,Valores!$H$2:$H$154,"<="&EOMONTH(Valores!$H38,0)) -> 0.017861821 | P38: =Valores!$O38*7754000 -> 138500.56
H39: 43746 | I39: =VLOOKUP(WEEKNUM(Valores!$H39,2)-WEEKNUM(EOMONTH(Valores!$H39,-1)+1,2)+1,Valores!$C$11:$F$16,IF((WEEKNUM(EOMONTH(H39,0),2)-WEEKNUM(EOMONTH(H39,-1)+1,2)+1)=4,2,IF((WEEKNUM(EOMONTH(H39,0),2)-WEEKNUM(EOMONTH(H39,-1)+1,2)+1)=5,3,IF((WEEKNUM(EOMONTH(H39,0),2)-WEEKNUM(EOMONTH(H39,-1)+1,2)+1)=6,4,0))),0) -> 0.15 | J39: =WEEKNUM(Valores!$H39,2) -> 41 | K39: 2019 | L39: =WEEKDAY(Valores!$H39,2) -> 2 | M39: =VLOOKUP(Valores!$L39,Valores!$C$2:$E$8,3,0) -> 0.1 | N39: =Valores!$I39*Valores!$M39 -> 0.015 | O39: =Valores!$N39/SUMIFS(Valores!$N$2:$N$154,Valores!$H$2:$H$154,">="&EOMONTH(Valores!$H39,-1)+1,Valores!$H$2:$H$154,"<="&EOMONTH(Valores!$H39,0)) -> 0.017861821 | P39: =Valores!$O39*7754000 -> 138500.56
H40: 43747 | I40: =VLOOKUP(WEEKNUM(Valores!$H40,2)-WEEKNUM(EOMONTH(Valores!$H40,-1)+1,2)+1,Valores!$C$11:$F$16,IF((WEEKNUM(EOMONTH(H40,0),2)-WEEKNUM(EOMONTH(H40,-1)+1,2)+1)=4,2,IF((WEEKNUM(EOMONTH(H40,0),2)-WEEKNUM(EOMONTH(H40,-1)+1,2)+1)=5,3,IF((WEEKNUM(EOMONTH(H40,0),2)-WEEKNUM(EOMONTH(H40,-1)+1,2)+1)=6,4,0))),0) -> 0.15 | J40: =WEEKNUM(Valores!$H40,2) -> 41 | K40: 2019 | L40: =WEEKDAY(Valores!$H40,2) -> 3 | M40: =VLOOKUP(Valores!$L40,Valores!$C$2:$E$8,3,0) -> 0.1 | N40: =Valores!$I40*Valores!$M40 -> 0.015 | O40: =Valores!$N40/SUMIFS(Valores!$N$2:$N$154,Valores!$H$2:$H$154,">="&EOMONTH(Valores!$H40,-1)+1,Valores!$H$2:$H$154,"<="&EOMONTH(Valores!$H40,0)) -> 0.017861821 | P40: =Valores!$O40*7754000 -> 138500.56
H41: 43748 | I41: =VLOOKUP(WEEKNUM(Valores!$H41,2)-WEEKNUM(EOMONTH(Valores!$H41,-1)+1,2)+1,Valores!$C$11:$F$16,IF((WEEKNUM(EOMONTH(H41,0),2)-WEEKNUM(EOMONTH(H41,-1)+1,2)+1)=4,2,IF((WEEKNUM(EOMONTH(H41,0),2)-WEEKNUM(EOMONTH(H41,-1)+1,2)+1)=5,3,IF((WEEKNUM(EOMONTH(H41,0),2)-WEEKNUM(EOMONTH(H41,-1)+1,2)+1)=6,4,0))),0) -> 0.15 | J41: =WEEKNUM(Valores!$H41,2) -> 41 | K41: 2019 | L41: =WEEKDAY(Valores!$H41,2) -> 4 | M41: =VLOOKUP(Valores!$L41,Valores!$C$2:$E$8,3,0) -> 0.1 | N41: =Valores!$I41*Valores!$M41 -> 0.015 | O41: =Valores!$N41/SUMIFS(Valores!$N$2:$N$154,Valores!$H$2:$H$154,">="&EOMONTH(Valores!$H41,-1)+1,Valores!$H$2:$H$154,"<="&EOMONTH(Valores!$H41,0)) -> 0.017861821 | P41: =Valores!$O41*7754000 -> 138500.56
H42: 43749 | I42: =VLOOKUP(WEEKNUM(Valores!$H42,2)-WEEKNUM(EOMONTH(Valores!$H42,-1)+1,2)+1,Valores!$C$11:$F$16,IF((WEEKNUM(EOMONTH(H42,0),2)-WEEKNUM(EOMONTH(H42,-1)+1,2)+1)=4,2,IF((WEEKNUM(EOMONTH(H42,0),2)-WEEKNUM(EOMONTH(H42,-1)+1,2)+1)=5,3,IF((WEEKNUM(EOMONTH(H42,0),2)-WEEKNUM(EOMONTH(H42,-1)+1,2)+1)=6,4,0))),0) -> 0.15 | J42: =WEEKNUM(Valores!$H42,2) -> 41 | K42: 2019 | L42: =WEEKDAY(Valores!$H42,2) -> 5 | M42: =VLOOKUP(Valores!$L42,Valores!$C$2:$E$8,3,0) -> 0.2 | N42: =Valores!$I42*Valores!$M42 -> 0.03 | O42: =Valores!$N42/SUMIFS(Valores!$N$2:$N$154,Valores!$H$2:$H$154,">="&EOMONTH(Valores!$H42,-1)+1,Valores!$H$2:$H$154,"<="&EOMONTH(Valores!$H42,0)) -> 0.035723642 | P42: =Valores!$O42*7754000 -> 277001.12
H43: 43750 | I43: =VLOOKUP(WEEKNUM(Valores!$H43,2)-WEEKNUM(EOMONTH(Valores!$H43,-1)+1,2)+1,Valores!$C$11:$F$16,IF((WEEKNUM(EOMONTH(H43,0),2)-WEEKNUM(EOMONTH(H43,-1)+1,2)+1)=4,2,IF((WEEKNUM(EOMONTH(H43,0),2)-WEEKNUM(EOMONTH(H43,-1)+1,2)+1)=5,3,IF((WEEKNUM(EOMONTH(H43,0),2)-WEEKNUM(EOMONTH(H43,-1)+1,2)+1)=6,4,0))),0) -> 0.15 | J43: =WEEKNUM(Valores!$H43,2) -> 41 | K43: 2019 | L43: =WEEKDAY(Valores!$H43,2) -> 6 | M43: =VLOOKUP(Valores!$L43,Valores!$C$2:$E$8,3,0) -> 0.25 | N43: =Valores!$I43*Valores!$M43 -> 0.0375 | O43: =Valores!$N43/SUMIFS(Valores!$N$2:$N$154,Valores!$H$2:$H$154,">="&EOMONTH(Valores!$H43,-1)+1,Valores!$H$2:$H$154,"<="&EOMONTH(Valores!$H43,0)) -> 0.044654552 | P43: =Valores!$O43*7754000 -> 346251.4
... H45: 43752 | I45: =VLOOKUP(WEEKNUM(Valores!$H45,2)-WEEKNUM(EOMONTH(Valores!$H45,-1)+1,2)+1,Valores!$C$11:$F$16,IF((WEEKNUM(EOMONTH(H45,0),2)-WEEKNUM(EOMONTH(H45,-1)+1,2)+1)=4,2,IF((WEEKNUM(EOMONTH(H45,0),2)-WEEKNUM(EOMONTH(H45,-1)+1,2)+1)=5,3,IF((WEEKNUM(EOMONTH(H45,0),2)-WEEKNUM(EOMONTH(H45,-1)+1,2)+1)=6,4,0))),0) -> 0.15 | J45: =WEEKNUM(Valores!$H45,2) -> 42 | K45: 2019 | L45: =WEEKDAY(Valores!$H45,2) -> 1 | M45: =VLOOKUP(Valores!$L45,Valores!$C$2:$E$8,3,0) -> 0.1 | N45: =Valores!$I45*Valores!$M45 -> 0.015 | O45: =Valores!$N45/SUMIFS(Valores!$N$2:$N$154,Valores!$H$2:$H$154,">="&EOMONTH(Valores!$H45,-1)+1,Valores!$H$2:$H$154,"<="&EOMONTH(Valores!$H45,0)) -> 0.017861821 | P45: =Valores!$O45*7754000 -> 138500.56
H46: 43753 | I46: =VLOOKUP(WEEKNUM(Valores!$H46,2)-WEEKNUM(EOMONTH(Valores!$H46,-1)+1,2)+1,Valores!$C$11:$F$16,IF((WEEKNUM(EOMONTH(H46,0),2)-WEEKNUM(EOMONTH(H46,-1)+1,2)+1)=4,2,IF((WEEKNUM(EOMONTH(H46,0),2)-WEEKNUM(EOMONTH(H46,-1)+1,2)+1)=5,3,IF((WEEKNUM(EOMONTH(H46,0),2)-WEEKNUM(EOMONTH(H46,-1)+1,2)+1)=6,4,0))),0) -> 0.15 | J46: =WEEKNUM(Valores!$H46,2) -> 42 | K46: 2019 | L46: =WEEKDAY(Valores!$H46,2) -> 2 | M46: 0.13 | N46: =Valores!$I46*Valores!$M46 -> 0.0195 | O46: =Valores!$N46/SUMIFS(Valores!$N$2:$N$154,Valores!$H$2:$H$154,">="&EOMONTH(Valores!$H46,-1)+1,Valores!$H$2:$H$154,"<="&EOMONTH(Valores!$H46,0)) -> 0.023220367 | P46: =Valores!$O46*7754000 -> 180050.73
H47: 43754 | I47: =VLOOKUP(WEEKNUM(Valores!$H47,2)-WEEKNUM(EOMONTH(Valores!$H47,-1)+1,2)+1,Valores!$C$11:$F$16,IF((WEEKNUM(EOMONTH(H47,0),2)-WEEKNUM(EOMONTH(H47,-1)+1,2)+1)=4,2,IF((WEEKNUM(EOMONTH(H47,0),2)-WEEKNUM(EOMONTH(H47,-1)+1,2)+1)=5,3,IF((WEEKNUM(EOMONTH(H47,0),2)-WEEKNUM(EOMONTH(H47,-1)+1,2)+1)=6,4,0))),0) -> 0.15 | J47: =WEEKNUM(Valores!$H47,2) -> 42 | K47: 2019 | L47: =WEEKDAY(Valores!$H47,2) -> 3 | M47: 0.13 | N47: =Valores!$I47*Valores!$M47 -> 0.0195 | O47: =Valores!$N47/SUMIFS(Valores!$N$2:$N$154,Valores!$H$2:$H$154,">="&EOMONTH(Valores!$H47,-1)+1,Valores!$H$2:$H$154,"<="&EOMONTH(Valores!$H47,0)) -> 0.023220367 | P47: =Valores!$O47*7754000 -> 180050.73
H48: 43755 | I48: =VLOOKUP(WEEKNUM(Valores!$H48,2)-WEEKNUM(EOMONTH(Valores!$H48,-1)+1,2)+1,Valores!$C$11:$F$16,IF((WEEKNUM(EOMONTH(H48,0),2)-WEEKNUM(EOMONTH(H48,-1)+1,2)+1)=4,2,IF((WEEKNUM(EOMONTH(H48,0),2)-WEEKNUM(EOMONTH(H48,-1)+1,2)+1)=5,3,IF((WEEKNUM(EOMONTH(H48,0),2)-WEEKNUM(EOMONTH(H48,-1)+1,2)+1)=6,4,0))),0) -> 0.15 | J48: =WEEKNUM(Valores!$H48,2) -> 42 | K48: 2019 | L48: =WEEKDAY(Valores!$H48,2) -> 4 | M48: 0.13 | N48: =Valores!$I48*Valores!$M48 -> 0.0195 | O48: =Valores!$N48/SUMIFS(Valores!$N$2:$N$154,Valores!$H$2:$H$154,">="&EOMONTH(Valores!$H48,-1)+1,Valores!$H$2:$H$154,"<="&EOMONTH(Valores!$H48,0)) -> 0.023220367 | P48: =Valores!$O48*7754000 -> 180050.73
H49: 43756 | I49: =VLOOKUP(WEEKNUM(Valores!$H49,2)-WEEKNUM(EOMONTH(Valores!$H49,-1)+1,2)+1,Valores!$C$11:$F$16,IF((WEEKNUM(EOMONTH(H49,0),2)-WEEKNUM(EOMONTH(H49,-1)+1,2)+1)=4,2,IF((WEEKNUM(EOMONTH(H49,0),2)-WEEKNUM(EOMONTH(H49,-1)+1,2)+1)=5,3,IF((WEEKNUM(EOMONTH(H49,0),2)-WEEKNUM(EOMONTH(H49,-1)+1,2)+1)=6,4,0))),0) -> 0.15 | J49: =WEEKNUM(Valores!$H49,2) -> 42 | K49: 2019 | L49: =WEEKDAY(Valores!$H49,2) -> 5 | M49: 0.23 | N49: =Valores!$I49*Valores!$M49 -> 0.0345 | O49: =Valores!$N49/SUMIFS(Valores!$N$2:$N$154,Valores!$H$2:$H$154,">="&EOMONTH(Valores!$H49,-1)+1,Valores!$H$2:$H$154,"<="&EOMONTH(Valores!$H49,0)) -> 0.041082188 | P49: =Valores!$O49*7754000 -> 318551.29
H50: 43757 | I50: =VLOOKUP(WEEKNUM(Valores!$H50,2)-WEEKNUM(EOMONTH(Valores!$H50,-1)+1,2)+1,Valores!$C$11:$F$16,IF((WEEKNUM(EOMONTH(H50,0),2)-WEEKNUM(EOMONTH(H50,-1)+1,2)+1)=4,2,IF((WEEKNUM(EOMONTH(H50,0),2)-WEEKNUM(EOMONTH(H50,-1)+1,2)+1)=5,3,IF((WEEKNUM(EOMONTH(H50,0),2)-WEEKNUM(EOMONTH(H50,-1)+1,2)+1)=6,4,0))),0) -> 0.15 | J50: =WEEKNUM(Valores!$H50,2) -> 42 | K50: 2019 | L50: =WEEKDAY(Valores!$H50,2) -> 6 | M50: 0.28 | N50: =Valores!$I50*Valores!$M50 -> 0.042 | O50: =Valores!$N50/SUMIFS(Valores!$N$2:$N$154,Valores!$H$2:$H$154,">="&EOMONTH(Valores!$H50,-1)+1,Valores!$H$2:$H$154,"<="&EOMONTH(Valores!$H50,0)) -> 0.050013099 | P50: =Valores!$O50*7754000 -> 387801.57
H51: 43758 | I51: =VLOOKUP(WEEKNUM(Valores!$H51,2)-WEEKNUM(EOMONTH(Valores!$H51,-1)+1,2)+1,Valores!$C$11:$F$16,IF((WEEKNUM(EOMONTH(H51,0),2)-WEEKNUM(EOMONTH(H51,-1)+1,2)+1)=4,2,IF((WEEKNUM(EOMONTH(H51,0),2)-WEEKNUM(EOMONTH(H51,-1)+1,2)+1)=5,3,IF((WEEKNUM(EOMONTH(H51,0),2)-WEEKNUM(EOMONTH(H51,-1)+1,2)+1)=6,4,0))),0) -> 0.15 | J51: =WEEKNUM(Valores!$H51,2) -> 42 | K51: 2019 | L51: =WEEKDAY(Valores!$H51,2) -> 7 | M51: =VLOOKUP(Valores!$L51,Valores!$C$2:$E$8,3,0) -> 0.15 | N51: =Valores!$I51*Valores!$M51 -> 0.0225 | O51: =Valores!$N51/SUMIFS(Valores!$N$2:$N$154,Valores!$H$2:$H$154,">="&EOMONTH(Valores!$H51,-1)+1,Valores!$H$2:$H$154,"<="&EOMONTH(Valores!$H51,0)) -> 0.026792731 | P51: =Valores!$O51*7754000 -> 207750.84
H52: 43759 | I52: =VLOOKUP(WEEKNUM(Valores!$H52,2)-WEEKNUM(EOMONTH(Valores!$H52,-1)+1,2)+1,Valores!$C$11:$F$16,IF((WEEKNUM(EOMONTH(H52,0),2)-WEEKNUM(EOMONTH(H52,-1)+1,2)+1)=4,2,IF((WEEKNUM(EOMONTH(H52,0),2)-WEEKNUM(EOMONTH(H52,-1)+1,2)+1)=5,3,IF((WEEKNUM(EOMONTH(H52,0),2)-WEEKNUM(EOMONTH(H52,-1)+1,2)+1)=6,4,0))),0) -> 0.2 | J52: =WEEKNUM(Valores!$H52,2) -> 43 | K52: 2019 | L52: =WEEKDAY(Valores!$H52,2) -> 1 | M52: =VLOOKUP(Valores!$L52,Valores!$C$2:$E$8,3,0) -> 0.1 | N52: =Valores!$I52*Valores!$M52 -> 0.02 | O52: =Valores!$N52/SUMIFS(Valores!$N$2:$N$154,Valores!$H$2:$H$154,">="&EOMONTH(Valores!$H52,-1)+1,Valores!$H$2:$H$154,"<="&EOMONTH(Valores!$H52,0)) -> 0.023815761 | P52: =Valores!$O52*7754000 -> 184667.41
H53: 43760 | I53: =VLOOKUP(WEEKNUM(Valores!$H53,2)-WEEKNUM(EOMONTH(Valores!$H53,-1)+1,2)+1,Valores!$C$11:$F$16,IF((WEEKNUM(EOMONTH(H53,0),2)-WEEKNUM(EOMONTH(H53,-1)+1,2)+1)=4,2,IF((WEEKNUM(EOMONTH(H53,0),2)-WEEKNUM(EOMONTH(H53,-1)+1,2)+1)=5,3,IF((WEEKNUM(EOMONTH(H53,0),2)-WEEKNUM(EOMONTH(H53,-1)+1,2)+1)=6,4,0))),0) -> 0.2 | J53: =WEEKNUM(Valores!$H53,2) -> 43 | K53: 2019 | L53: =WEEKDAY(Valores!$H53,2) -> 2 | M53: =VLOOKUP(Valores!$L53,Valores!$C$2:$E$8,3,0) -> 0.1 | N53: =Valores!$I53*Valores!$M53 -> 0.02 | O53: =Valores!$N53/SUMIFS(Valores!$N$2:$N$154,Valores!$H$2:$H$154,">="&EOMONTH(Valores!$H53,-1)+1,Valores!$H$2:$H$154,"<="&EOMONTH(Valores!$H53,0)) -> 0.023815761 | P53: =Valores!$O53*7754000 -> 184667.41
H54: 43761 | I54: =VLOOKUP(WEEKNUM(Valores!$H54,2)-WEEKNUM(EOMONTH(Valores!$H54,-1)+1,2)+1,Valores!$C$11:$F$16,IF((WEEKNUM(EOMONTH(H54,0),2)-WEEKNUM(EOMONTH(H54,-1)+1,2)+1)=4,2,IF((WEEKNUM(EOMONTH(H54,0),2)-WEEKNUM(EOMONTH(H54,-1)+1,2)+1)=5,3,IF((WEEKNUM(EOMONTH(H54,0),2)-WEEKNUM(EOMONTH(H54,-1)+1,2)+1)=6,4,0))),0) -> 0.2 | J54: =WEEKNUM(Valores!$H54,2) -> 43 | K54: 2019 | L54: =WEEKDAY(Valores!$H54,2) -> 3 | M54: =VLOOKUP(Valores!$L54,Valores!$C$2:$E$8,3,0) -> 0.1 | N54: =Valores!$I54*Valores!$M54 -> 0.02 | O54: =Valores!$N54/SUMIFS(Valores!$N$2:$N$154,Valores!$H$2:$H$154,">="&EOMONTH(Valores!$H54,-1)+1,Valores!$H$2:$H$154,"<="&EOMONTH(Valores!$H54,0)) -> 0.023815761 | P54: =Valores!$O54*7754000 -> 184667.41
H55: 43762 | I55: =VLOOKUP(WEEKNUM(Valores!$H55,2)-WEEKNUM(EOMONTH(Valores!$H55,-1)+1,2)+1,Valores!$C$11:$F$16,IF((WEEKNUM(EOMONTH(H55,0),2)-WEEKNUM(EOMONTH(H55,-1)+1,2)+1)=4,2,IF((WEEKNUM(EOMONTH(H55,0),2)-WEEKNUM(EOMONTH(H55,-1)+1,2)+1)=5,3,IF((WEEKNUM(EOMONTH(H55,0),2)-WEEKNUM(EOMONTH(H55,-1)+1,2)+1)=6,4,0))),0) -> 0.2 | J55: =WEEKNUM(Valores!$H55,2) -> 43 | K55: 2019 | L55: =WEEKDAY(Valores!$H55,2) -> 4 | M55: =VLOOKUP(Valores!$L55,Valores!$C$2:$E$8,3,0) -> 0.1 | N55: =Valores!$I55*Valores!$M55 -> 0.02 | O55: =Valores!$N55/SUMIFS(Valores!$N$2:$N$154,Valores!$H$2:$H$154,">="&EOMONTH(Valores!$H55,-1)+1,Valores!$H$2:$H$154,"<="&EOMONTH(Valores!$H55,0)) -> 0.023815761 | P55: =Valores!$O55*7754000 -> 184667.41
H56: 43763 | I56: =VLOOKUP(WEEKNUM(Valores!$H56,2)-WEEKNUM(EOMONTH(Valores!$H56,-1)+1,2)+1,Valores!$C$11:$F$16,IF((WEEKNUM(EOMONTH(H56,0),2)-WEEKNUM(EOMONTH(H56,-1)+1,2)+1)=4,2,IF((WEEKNUM(EOMONTH(H56,0),2)-WEEKNUM(EOMONTH(H56,-1)+1,2)+1)=5,3,IF((WEEKNUM(EOMONTH(H56,0),2)-WEEKNUM(EOMONTH(H56,-1)+1,2)+1)=6,4,0))),0) -> 0.2 | J56: =WEEKNUM(Valores!$H56,2) -> 43 | K56: 2019 | L56: =WEEKDAY(Valores!$H56,2) -> 5 | M56: =VLOOKUP(Valores!$L56,Valores!$C$2:$E$8,3,0) -> 0.2 | N56: =Valores!$I56*Valores!$M56 -> 0.04 | O56: =Valores!$N56/SUMIFS(Valores!$N$2:$N$154,Valores!$H$2:$H$154,">="&EOMONTH(Valores!$H56,-1)+1,Valores!$H$2:$H$154,"<="&EOMONTH(Valores!$H56,0)) -> 0.047631523 | P56: =Valores!$O56*7754000 -> 369334.83
H57: 43764 | I57: =VLOOKUP(WEEKNUM(Valores!$H57,2)-WEEKNUM(EOMONTH(Valores!$H57,-1)+1,2)+1,Valores!$C$11:$F$16,IF((WEEKNUM(EOMONTH(H57,0),2)-WEEKNUM(EOMONTH(H57,-1)+1,2)+1)=4,2,IF((WEEKNUM(EOMONTH(H57,0),2)-WEEKNUM(EOMONTH(H57,-1)+1,2)+1)=5,3,IF((WEEKNUM(EOMONTH(H57,0),2)-WEEKNUM(EOMONTH(H57,-1)+1,2)+1)=6,4,0))),0) -> 0.2 | J57: =WEEKNUM(Valores!$H57,2) -> 43 | K57: 2019 | L57: =WEEKDAY(Valores!$H57,2) -> 6 | M57: =VLOOKUP(Valores!$L57,Valores!$C$2:$E$8,3,0) -> 0.25 | N57: =Valores!$I57*Valores!$M57 -> 0.05 | O57: =Valores!$N57/SUMIFS(Valores!$N$2:$N$154,Valores!$H$2:$H$154,">="&EOMONTH(Valores!$H57,-1)+1,Valores!$H$2:$H$154,"<="&EOMONTH(Valores!$H57,0)) -> 0.059539403 | P57: =Valores!$O57*7754000 -> 461668.53
H58: 43765 | I58: =VLOOKUP(WEEKNUM(Valores!$H58,2)-WEEKNUM(EOMONTH(Valores!$H58,-1)+1,2)+1,Valores!$C$11:$F$16,IF((WEEKNUM(EOMONTH(H58,0),2)-WEEKNUM(EOMONTH(H58,-1)+1,2)+1)=4,2,IF((WEEKNUM(EOMONTH(H58,0),2)-WEEKNUM(EOMONTH(H58,-1)+1,2)+1)=5,3,IF((WEEKNUM(EOMONTH(H58,0),2)-WEEKNUM(EOMONTH(H58,-1)+1,2)+1)=6,4,0))),0) -> 0.2 | J58: =WEEKNUM(Valores!$H58,2) -> 43 | K58: 2019 | L58: =WEEKDAY(Valores!$H58,2) -> 7 | M58: 0.12 | N58: =Valores!$I58*Valores!$M58 -> 0.024 | O58: =Valores!$N58/SUMIFS(Valores!$N$2:$N$154,Valores!$H$2:$H$154,">="&EOMONTH(Valores!$H58,-1)+1,Valores!$H$2:$H$154,"<="&EOMONTH(Valores!$H58,0)) -> 0.028578914 | P58: =Valores!$O58*7754000 -> 221600.9
H59: 43766 | I59: =VLOOKUP(WEEKNUM(Valores!$H59,2)-WEEKNUM(EOMONTH(Valores!$H59,-1)+1,2)+1,Valores!$C$11:$F$16,IF((WEEKNUM(EOMONTH(H59,0),2)-WEEKNUM(EOMONTH(H59,-1)+1,2)+1)=4,2,IF((WEEKNUM(EOMONTH(H59,0),2)-WEEKNUM(EOMONTH(H59,-1)+1,2)+1)=5,3,IF((WEEKNUM(EOMONTH(H59,0),2)-WEEKNUM(EOMONTH(H59,-1)+1,2)+1)=6,4,0))),0) -> 0.22 | J59: =WEEKNUM(Valores!$H59,2) -> 44 | K59: 2019 | L59: =WEEKDAY(Valores!$H59,2) -> 1 | M59: 0.08 | N59: =Valores!$I59*Valores!$M59 -> 0.0176 | O59: =Valores!$N59/SUMIFS(Valores!$N$2:$N$154,Valores!$H$2:$H$154,">="&EOMONTH(Valores!$H59,-1)+1,Valores!$H$2:$H$154,"<="&EOMONTH(Valores!$H59,0)) -> 0.02095787 | P59: =Valores!$O59*7754000 -> 162507.32
H60: 43767 | I60: =VLOOKUP(WEEKNUM(Valores!$H60,2)-WEEKNUM(EOMONTH(Valores!$H60,-1)+1,2)+1,Valores!$C$11:$F$16,IF((WEEKNUM(EOMONTH(H60,0),2)-WEEKNUM(EOMONTH(H60,-1)+1,2)+1)=4,2,IF((WEEKNUM(EOMONTH(H60,0),2)-WEEKNUM(EOMONTH(H60,-1)+1,2)+1)=5,3,IF((WEEKNUM(EOMONTH(H60,0),2)-WEEKNUM(EOMONTH(H60,-1)+1,2)+1)=6,4,0))),0) -> 0.22 | J60: =WEEKNUM(Valores!$H60,2) -> 44 | K60: 2019 | L60: =WEEKDAY(Valores!$H60,2) -> 2 | M60: 0.08 | N60: =Valores!$I60*Valores!$M60 -> 0.0176 | O60: =Valores!$N60/SUMIFS(Valores!$N$2:$N$154,Valores!$H$2:$H$154,">="&EOMONTH(Valores!$H60,-1)+1,Valores!$H$2:$H$154,"<="&EOMONTH(Valores!$H60,0)) -> 0.02095787 | P60: =Valores!$O60*7754000 -> 162507.32
H61: 43768 | I61: =VLOOKUP(WEEKNUM(Valores!$H61,2)-WEEKNUM(EOMONTH(Valores!$H61,-1)+1,2)+1,Valores!$C$11:$F$16,IF((WEEKNUM(EOMONTH(H61,0),2)-WEEKNUM(EOMONTH(H61,-1)+1,2)+1)=4,2,IF((WEEKNUM(EOMONTH(H61,0),2)-WEEKNUM(EOMONTH(H61,-1)+1,2)+1)=5,3,IF((WEEKNUM(EOMONTH(H61,0),2)-WEEKNUM(EOMONTH(H61,-1)+1,2)+1)=6,4,0))),0) -> 0.22 | J61: =WEEKNUM(Valores!$H61,2) -> 44 | K61: 2019 | L61: =WEEKDAY(Valores!$H61,2) -> 3 | M61: 0.08 | N61: =Valores!$I61*Valores!$M61 -> 0.0176 | O61: =Valores!$N61/SUMIFS(Valores!$N$2:$N$154,Valores!$H$2:$H$154,">="&EOMONTH(Valores!$H61,-1)+1,Valores!$H$2:$H$154,"<="&EOMONTH(Valores!$H61,0)) -> 0.02095787 | P61: =Valores!$O61*7754000 -> 162507.32
H62: 43769 | I62: =VLOOKUP(WEEKNUM(Valores!$H62,2)-WEEKNUM(EOMONTH(Valores!$H62,-1)+1,2)+1,Valores!$C$11:$F$16,IF((WEEKNUM(EOMONTH(H62,0),2)-WEEKNUM(EOMONTH(H62,-1)+1,2)+1)=4,2,IF((WEEKNUM(EOMONTH(H62,0),2)-WEEKNUM(EOMONTH(H62,-1)+1,2)+1)=5,3,IF((WEEKNUM(EOMONTH(H62,0),2)-WEEKNUM(EOMONTH(H62,-1)+1,2)+1)=6,4,0))),0) -> 0.22 | J62: =WEEKNUM(Valores!$H62,2) -> 44 | K62: 2019 | L62: =WEEKDAY(Valores!$H62,2) -> 4 | M62: 0.084 | N62: =Valores!$I62*Valores!$M62 -> 0.01848 | O62: =Valores!$N62/SUMIFS(Valores!$N$2:$N$154,Valores!$H$2:$H$154,">="&EOMONTH(Valores!$H62,-1)+1,Valores!$H$2:$H$154,"<="&EOMONTH(Valores!$H62,0)) -> 0.022005763 | P62: =Valores!$O62*7754000 -> 170632.69
H63: 43770 | I63: =VLOOKUP(WEEKNUM(Valores!$H63,2)-WEEKNUM(EOMONTH(Valores!$H63,-1)+1,2)+1,Valores!$C$11:$F$16,IF((WEEKNUM(EOMONTH(H63,0),2)-WEEKNUM(EOMONTH(H63,-1)+1,2)+1)=4,2,IF((WEEKNUM(EOMONTH(H63,0),2)-WEEKNUM(EOMONTH(H63,-1)+1,2)+1)=5,3,IF((WEEKNUM(EOMONTH(H63,0),2)-WEEKNUM(EOMONTH(H63,-1)+1,2)+1)=6,4,0))),0) -> 0.28 | J63: =WEEKNUM(Valores!$H63,2) -> 44 | K63: 2019 | L63: =WEEKDAY(Valores!$H63,2) -> 5 | M63: =VLOOKUP(Valores!$L63,Valores!$C$2:$E$8,3,0) -> 0.2 | N63: =Valores!$I63*Valores!$M63 -> 0.056 | O63: =Valores!$N63/SUMIFS(Valores!$N$2:$N$154,Valores!$H$2:$H$154,">="&EOMONTH(Valores!$H63,-1)+1,Valores!$H$2:$H$154,"<="&EOMONTH(Valores!$H63,0)) -> 0.0615317 | P63: =Valores!$O63*7754000 -> 477116.8
H64: 43771 | I64: =VLOOKUP(WEEKNUM(Valores!$H64,2)-WEEKNUM(EOMONTH(Valores!$H64,-1)+1,2)+1,Valores!$C$11:$F$16,IF((WEEKNUM(EOMONTH(H64,0),2)-WEEKNUM(EOMONTH(H64,-1)+1,2)+1)=4,2,IF((WEEKNUM(EOMONTH(H64,0),2)-WEEKNUM(EOMONTH(H64,-1)+1,2)+1)=5,3,IF((WEEKNUM(EOMONTH(H64,0),2)-WEEKNUM(EOMONTH(H64,-1)+1,2)+1)=6,4,0))),0) -> 0.28 | J64: =WEEKNUM(Valores!$H64,2) -> 44 | K64: 2019 | L64: =WEEKDAY(Valores!$H64,2) -> 6 | M64: =VLOOKUP(Valores!$L64,Valores!$C$2:$E$8,3,0) -> 0.25 | N64: =Valores!$I64*Valores!$M64 -> 0.07 | O64: =Valores!$N64/SUMIFS(Valores!$N$2:$N$154,Valores!$H$2:$H$154,">="&EOMONTH(Valores!$H64,-1)+1,Valores!$H$2:$H$154,"<="&EOMONTH(Valores!$H64,0)) -> 0.076914625 | P64: =Valores!$O64*7754000 -> 596396
H65: 43772 | I65: =VLOOKUP(WEEKNUM(Valores!$H65,2)-WEEKNUM(EOMONTH(Valores!$H65,-1)+1,2)+1,Valores!$C$11:$F$16,IF((WEEKNUM(EOMONTH(H65,0),2)-WEEKNUM(EOMONTH(H65,-1)+1,2)+1)=4,2,IF((WEEKNUM(EOMONTH(H65,0),2)-WEEKNUM(EOMONTH(H65,-1)+1,2)+1)=5,3,IF((WEEKNUM(EOMONTH(H65,0),2)-WEEKNUM(EOMONTH(H65,-1)+1,2)+1)=6,4,0))),0) -> 0.28 | J65: =WEEKNUM(Valores!$H65,2) -> 44 | K65: 2019 | L65: =WEEKDAY(Valores!$H65,2) -> 7 | M65: 0.12 | N65: =Valores!$I65*Valores!$M65 -> 0.0336 | O65: =Valores!$N65/SUMIFS(Valores!$N$2:$N$154,Valores!$H$2:$H$154,">="&EOMONTH(Valores!$H65,-1)+1,Valores!$H$2:$H$154,"<="&EOMONTH(Valores!$H65,0)) -> 0.03691902 | P65: =Valores!$O65*7754000 -> 286270.08
H66: 43773 | I66: =VLOOKUP(WEEKNUM(Valores!$H66,2)-WEEKNUM(EOMONTH(Valores!$H66,-1)+1,2)+1,Valores!$C$11:$F$16,IF((WEEKNUM(EOMONTH(H66,0),2)-WEEKNUM(EOMONTH(H66,-1)+1,2)+1)=4,2,IF((WEEKNUM(EOMONTH(H66,0),2)-WEEKNUM(EOMONTH(H66,-1)+1,2)+1)=5,3,IF((WEEKNUM(EOMONTH(H66,0),2)-WEEKNUM(EOMONTH(H66,-1)+1,2)+1)=6,4,0))),0) -> 0.15 | J66: =WEEKNUM(Valores!$H66,2) -> 45 | K66: 2019 | L66: =WEEKDAY(Valores!$H66,2) -> 1 | M66: =VLOOKUP(Valores!$L66,Valores!$C$2:$E$8,3,0) -> 0.1 | N66: =Valores!$I66*Valores!$M66 -> 0.015 | O66: =Valores!$N66/SUMIFS(Valores!$N$2:$N$154,Valores!$H$2:$H$154,">="&EOMONTH(Valores!$H66,-1)+1,Valores!$H$2:$H$154,"<="&EOMONTH(Valores!$H66,0)) -> 0.016481705 | P66: =Valores!$O66*7754000 -> 127799.14
H67: 43774 | I67: =VLOOKUP(WEEKNUM(Valores!$H67,2)-WEEKNUM(EOMONTH(Valores!$H67,-1)+1,2)+1,Valores!$C$11:$F$16,IF((WEEKNUM(EOMONTH(H67,0),2)-WEEKNUM(EOMONTH(H67,-1)+1,2)+1)=4,2,IF((WEEKNUM(EOMONTH(H67,0),2)-WEEKNUM(EOMONTH(H67,-1)+1,2)+1)=5,3,IF((WEEKNUM(EOMONTH(H67,0),2)-WEEKNUM(EOMONTH(H67,-1)+1,2)+1)=6,4,0))),0) -> 0.15 | J67: =WEEKNUM(Valores!$H67,2) -> 45 | K67: 2019 | L67: =WEEKDAY(Valores!$H67,2) -> 2 | M67: =VLOOKUP(Valores!$L67,Valores!$C$2:$E$8,3,0) -> 0.1 | N67: =Valores!$I67*Valores!$M67 -> 0.015 | O67: =Valores!$N67/SUMIFS(Valores!$N$2:$N$154,Valores!$H$2:$H$154,">="&EOMONTH(Valores!$H67,-1)+1,Valores!$H$2:$H$154,"<="&EOMONTH(Valores!$H67,0)) -> 0.016481705 | P67: =Valores!$O67*7754000 -> 127799.14
H68: 43775 | I68: =VLOOKUP(WEEKNUM(Valores!$H68,2)-WEEKNUM(EOMONTH(Valores!$H68,-1)+1,2)+1,Valores!$C$11:$F$16,IF((WEEKNUM(EOMONTH(H68,0),2)-WEEKNUM(EOMONTH(H68,-1)+1,2)+1)=4,2,IF((WEEKNUM(EOMONTH(H68,0),2)-WEEKNUM(EOMONTH(H68,-1)+1,2)+1)=5,3,IF((WEEKNUM(EOMONTH(H68,0),2)-WEEKNUM(EOMONTH(H68,-1)+1,2)+1)=6,4,0))),0) -> 0.15 | J68: =WEEKNUM(Valores!$H68,2) -> 45 | K68: 2019 | L68: =WEEKDAY(Valores!$H68,2) -> 3 | M68: =VLOOKUP(Valores!$L68,Valores!$C$2:$E$8,3,0) -> 0.1 | N68: =Valores!$I68*Valores!$M68 -> 0.015 | O68: =Valores!$N68/SUMIFS(Valores!$N$2:$N$154,Valores!$H$2:$H$154,">="&EOMONTH(Valores!$H68,-1)+1,Valores!$H$2:$H$154,"<="&EOMONTH(Valores!$H68,0)) -> 0.016481705 | P68: =Valores!$O68*7754000 -> 127799.14
H69: 43776 | I69: =VLOOKUP(WEEKNUM(Valores!$H69,2)-WEEKNUM(EOMONTH(Valores!$H69,-1)+1,2)+1,Valores!$C$11:$F$16,IF((WEEKNUM(EOMONTH(H69,0),2)-WEEKNUM(EOMONTH(H69,-1)+1,2)+1)=4,2,IF((WEEKNUM(EOMONTH(H69,0),2)-WEEKNUM(EOMONTH(H69,-1)+1,2)+1)=5,3,IF((WEEKNUM(EOMONTH(H69,0),2)-WEEKNUM(EOMONTH(H69,-1)+1,2)+1)=6,4,0))),0) -> 0.15 | J69: =WEEKNUM(Valores!$H69,2) -> 45 | K69: 2019 | L69: =WEEKDAY(Valores!$H69,2) -> 4 | M69: =VLOOKUP(Valores!$L69,Valores!$C$2:$E$8,3,0) -> 0.1 | N69: =Valores!$I69*Valores!$M69 -> 0.015 | O69: =Valores!$N69/SUMIFS(Valores!$N$2:$N$154,Valores!$H$2:$H$154,">="&EOMONTH(Valores!$H69,-1)+1,Valores!$H$2:$H$154,"<="&EOMONTH(Valores!$H69,0)) -> 0.016481705 | P69: =Valores!$O69*7754000 -> 127799.14
H70: 43777 | I70: =VLOOKUP(WEEKNUM(Valores!$H70,2)-WEEKNUM(EOMONTH(Valores!$H70,-1)+1,2)+1,Valores!$C$11:$F$16,IF((WEEKNUM(EOMONTH(H70,0),2)-WEEKNUM(EOMONTH(H70,-1)+1,2)+1)=4,2,IF((WEEKNUM(EOMONTH(H70,0),2)-WEEKNUM(EOMONTH(H70,-1)+1,2)+1)=5,3,IF((WEEKNUM(EOMONTH(H70,0),2)-WEEKNUM(EOMONTH(H70,-1)+1,2)+1)=6,4,0))),0) -> 0.15 | J70: =WEEKNUM(Valores!$H70,2) -> 45 | K70: 2019 | L70: =WEEKDAY(Valores!$H70,2) -> 5 | M70: =VLOOKUP(Valores!$L70,Valores!$C$2:$E$8,3,0) -> 0.2 | N70: =Valores!$I70*Valores!$M70 -> 0.03 | O70: =Valores!$N70/SUMIFS(Valores!$N$2:$N$154,Valores!$H$2:$H$154,">="&EOMONTH(Valores!$H70,-1)+1,Valores!$H$2:$H$154,"<="&EOMONTH(Valores!$H70,0)) -> 0.032963411 | P70: =Valores!$O70*7754000 -> 255598.29
H71: 43778 | I71: =VLOOKUP(WEEKNUM(Valores!$H71,2)-WEEKNUM(EOMONTH(Valores!$H71,-1)+1,2)+1,Valores!$C$11:$F$16,IF((WEEKNUM(EOMONTH(H71,0),2)-WEEKNUM(EOMONTH(H71,-1)+1,2)+1)=4,2,IF((WEEKNUM(EOMONTH(H71,0),2)-WEEKNUM(EOMONTH(H71,-1)+1,2)+1)=5,3,IF((WEEKNUM(EOMONTH(H71,0),2)-WEEKNUM(EOMONTH(H71,-1)+1,2)+1)=6,4,0))),0) -> 0.15 | J71: =WEEKNUM(Valores!$H71,2) -> 45 | K71: 2019 | L71: =WEEKDAY(Valores!$H71,2) -> 6 | M71: =VLOOKUP(Valores!$L71,Valores!$C$2:$E$8,3,0) -> 0.25 | N71: =Valores!$I71*Valores!$M71 -> 0.0375 | O71: =Valores!$N71/SUMIFS(Valores!$N$2:$N$154,Valores!$H$2:$H$154,">="&EOMONTH(Valores!$H71,-1)+1,Valores!$H$2:$H$154,"<="&EOMONTH(Valores!$H71,0)) -> 0.041204263 | P71: =Valores!$O71*7754000 -> 319497.86
H72: 43779 | I72: =VLOOKUP(WEEKNUM(Valores!$H72,2)-WEEKNUM(EOMONTH(Valores!$H72,-1)+1,2)+1,Valores!$C$11:$F$16,IF((WEEKNUM(EOMONTH(H72,0),2)-WEEKNUM(EOMONTH(H72,-1)+1,2)+1)=4,2,IF((WEEKNUM(EOMONTH(H72,0),2)-WEEKNUM(EOMONTH(H72,-1)+1,2)+1)=5,3,IF((WEEKNUM(EOMONTH(H72,0),2)-WEEKNUM(EOMONTH(H72,-1)+1,2)+1)=6,4,0))),0) -> 0.15 | J72: =WEEKNUM(Valores!$H72,2) -> 45 | K72: 2019 | L72: =WEEKDAY(Valores!$H72,2) -> 7 | M72: =VLOOKUP(Valores!$L72,Valores!$C$2:$E$8,3,0) -> 0.15 | N72: =Valores!$I72*Valores!$M72 -> 0.0225 | O72: =Valores!$N72/SUMIFS(Valores!$N$2:$N$154,Valores!$H$2:$H$154,">="&EOMONTH(Valores!$H72,-1)+1,Valores!$H$2:$H$154,"<="&EOMONTH(Valores!$H72,0)) -> 0.024722558 | P72: =Valores!$O72*7754000 -> 191698.71
H73: 43780 | I73: =VLOOKUP(WEEKNUM(Valores!$H73,2)-WEEKNUM(EOMONTH(Valores!$H73,-1)+1,2)+1,Valores!$C$11:$F$16,IF((WEEKNUM(EOMONTH(H73,0),2)-WEEKNUM(EOMONTH(H73,-1)+1,2)+1)=4,2,IF((WEEKNUM(EOMONTH(H73,0),2)-WEEKNUM(EOMONTH(H73,-1)+1,2)+1)=5,3,IF((WEEKNUM(EOMONTH(H73,0),2)-WEEKNUM(EOMONTH(H73,-1)+1,2)+1)=6,4,0))),0) -> 0.15 | J73: =WEEKNUM(Valores!$H73,2) -> 46 | K73: 2019 | L73: =WEEKDAY(Valores!$H73,2) -> 1 | M73: =VLOOKUP(Valores!$L73,Valores!$C$2:$E$8,3,0) -> 0.1 | N73: =Valores!$I73*Valores!$M73 -> 0.015 | O73: =Valores!$N73/SUMIFS(Valores!$N$2:$N$154,Valores!$H$2:$H$154,">="&EOMONTH(Valores!$H73,-1)+1,Valores!$H$2:$H$154,"<="&EOMONTH(Valores!$H73,0)) -> 0.016481705 | P73: =Valores!$O73*7754000 -> 127799.14
H74: 43781 | I74: =VLOOKUP(WEEKNUM(Valores!$H74,2)-WEEKNUM(EOMONTH(Valores!$H74,-1)+1,2)+1,Valores!$C$11:$F$16,IF((WEEKNUM(EOMONTH(H74,0),2)-WEEKNUM(EOMONTH(H74,-1)+1,2)+1)=4,2,IF((WEEKNUM(EOMONTH(H74,0),2)-WEEKNUM(EOMONTH(H74,-1)+1,2)+1)=5,3,IF((WEEKNUM(EOMONTH(H74,0),2)-WEEKNUM(EOMONTH(H74,-1)+1,2)+1)=6,4,0))),0) -> 0.15 | J74: =WEEKNUM(Valores!$H74,2) -> 46 | K74: 2019 | L74: =WEEKDAY(Valores!$H74,2) -> 2 | M74: =VLOOKUP(Valores!$L74,Valores!$C$2:$E$8,3,0) -> 0.1 | N74: =Valores!$I74*Valores!$M74 -> 0.015 | O74: =Valores!$N74/SUMIFS(Valores!$N$2:$N$154,Valores!$H$2:$H$154,">="&EOMONTH(Valores!$H74,-1)+1,Valores!$H$2:$H$154,"<="&EOMONTH(Valores!$H74,0)) -> 0.016481705 | P74: =Valores!$O74*7754000 -> 127799.14
H75: 43782 | I75: =VLOOKUP(WEEKNUM(Valores!$H75,2)-WEEKNUM(EOMONTH(Valores!$H75,-1)+1,2)+1,Valores!$C$11:$F$16,IF((WEEKNUM(EOMONTH(H75,0),2)-WEEKNUM(EOMONTH(H75,-1)+1,2)+1)=4,2,IF((WEEKNUM(EOMONTH(H75,0),2)-WEEKNUM(EOMONTH(H75,-1)+1,2)+1)=5,3,IF((WEEKNUM(EOMONTH(H75,0),2)-WEEKNUM(EOMONTH(H75,-1)+1,2)+1)=6,4,0))),0) -> 0.15 | J75: =WEEKNUM(Valores!$H75,2) -> 46 | K75: 2019 | L75: =WEEKDAY(Valores!$H75,2) -> 3 | M75: =VLOOKUP(Valores!$L75,Valores!$C$2:$E$8,3,0) -> 0.1 | N75: =Valores!$I75*Valores!$M75 -> 0.015 | O75: =Valores!$N75/SUMIFS(Valores!$N$2:$N$154,Valores!$H$2:$H$154,">="&EOMONTH(Valores!$H75,-1)+1,Valores!$H$2:$H$154,"<="&EOMONTH(Valores!$H75,0)) -> 0.016481705 | P75: =Valores!$O75*7754000 -> 127799.14
H76: 43783 | I76: =VLOOKUP(WEEKNUM(Valores!$H76,2)-WEEKNUM(EOMONTH(Valores!$H76,-1)+1,2)+1,Valores!$C$11:$F$16,IF((WEEKNUM(EOMONTH(H76,0),2)-WEEKNUM(EOMONTH(H76,-1)+1,2)+1)=4,2,IF((WEEKNUM(EOMONTH(H76,0),2)-WEEKNUM(EOMONTH(H76,-1)+1,2)+1)=5,3,IF((WEEKNUM(EOMONTH(H76,0),2)-WEEKNUM(EOMONTH(H76,-1)+1,2)+1)=6,4,0))),0) -> 0.15 | J76: =WEEKNUM(Valores!$H76,2) -> 46 | K76: 2019 | L76: =WEEKDAY(Valores!$H76,2) -> 4 | M76: =VLOOKUP(Valores!$L76,Valores!$C$2:$E$8,3,0) -> 0.1 | N76: =Valores!$I76*Valores!$M76 -> 0.015 | O76: =Valores!$N76/SUMIFS(Valores!$N$2:$N$154,Valores!$H$2:$H$154,">="&EOMONTH(Valores!$H76,-1)+1,Valores!$H$2:$H$154,"<="&EOMONTH(Valores!$H76,0)) -> 0.016481705 | P76: =Valores!$O76*7754000 -> 127799.14
H77: 43784 | I77: =VLOOKUP(WEEKNUM(Valores!$H77,2)-WEEKNUM(EOMONTH(Valores!$H77,-1)+1,2)+1,Valores!$C$11:$F$16,IF((WEEKNUM(EOMONTH(H77,0),2)-WEEKNUM(EOMONTH(H77,-1)+1,2)+1)=4,2,IF((WEEKNUM(EOMONTH(H77,0),2)-WEEKNUM(EOMONTH(H77,-1)+1,2)+1)=5,3,IF((WEEKNUM(EOMONTH(H77,0),2)-WEEKNUM(EOMONTH(H77,-1)+1,2)+1)=6,4,0))),0) -> 0.15 | J77: =WEEKNUM(Valores!$H77,2) -> 46 | K77: 2019 | L77: =WEEKDAY(Valores!$H77,2) -> 5 | M77: 0.3 | N77: =Valores!$I77*Valores!$M77 -> 0.045 | O77: =Valores!$N77/SUMIFS(Valores!$N$2:$N$154,Valores!$H$2:$H$154,">="&EOMONTH(Valores!$H77,-1)+1,Valores!$H$2:$H$154,"<="&EOMONTH(Valores!$H77,0)) -> 0.049445116 | P77: =Valores!$O77*7754000 -> 383397.43
H78: 43785 | I78: =VLOOKUP(WEEKNUM(Valores!$H78,2)-WEEKNUM(EOMONTH(Valores!$H78,-1)+1,2)+1,Valores!$C$11:$F$16,IF((WEEKNUM(EOMONTH(H78,0),2)-WEEKNUM(EOMONTH(H78,-1)+1,2)+1)=4,2,IF((WEEKNUM(EOMONTH(H78,0),2)-WEEKNUM(EOMONTH(H78,-1)+1,2)+1)=5,3,IF((WEEKNUM(EOMONTH(H78,0),2)-WEEKNUM(EOMONTH(H78,-1)+1,2)+1)=6,4,0))),0) -> 0.15 | J78: =WEEKNUM(Valores!$H78,2) -> 46 | K78: 2019 | L78: =WEEKDAY(Valores!$H78,2) -> 6 | M78: 0.4 | N78: =Valores!$I78*Valores!$M78 -> 0.06 | O78: =Valores!$N78/SUMIFS(Valores!$N$2:$N$154,Valores!$H$2:$H$154,">="&EOMONTH(Valores!$H78,-1)+1,Valores!$H$2:$H$154,"<="&EOMONTH(Valores!$H78,0)) -> 0.065926821 | P78: =Valores!$O78*7754000 -> 511196.57
H79: 43786 | I79: =VLOOKUP(WEEKNUM(Valores!$H79,2)-WEEKNUM(EOMONTH(Valores!$H79,-1)+1,2)+1,Valores!$C$11:$F$16,IF((WEEKNUM(EOMONTH(H79,0),2)-WEEKNUM(EOMONTH(H79,-1)+1,2)+1)=4,2,IF((WEEKNUM(EOMONTH(H79,0),2)-WEEKNUM(EOMONTH(H79,-1)+1,2)+1)=5,3,IF((WEEKNUM(EOMONTH(H79,0),2)-WEEKNUM(EOMONTH(H79,-1)+1,2)+1)=6,4,0))),0) -> 0.15 | J79: =WEEKNUM(Valores!$H79,2) -> 46 | K79: 2019 | L79: =WEEKDAY(Valores!$H79,2) -> 7 | M79: 0.25 | N79: =Valores!$I79*Valores!$M79 -> 0.0375 | O79: =Valores!$N79/SUMIFS(Valores!$N$2:$N$154,Valores!$H$2:$H$154,">="&EOMONTH(Valores!$H79,-1)+1,Valores!$H$2:$H$154,"<="&EOMONTH(Valores!$H79,0)) -> 0.041204263 | P79: =Valores!$O79*7754000 -> 319497.86
H80: 43787 | I80: =VLOOKUP(WEEKNUM(Valores!$H80,2)-WEEKNUM(EOMONTH(Valores!$H80,-1)+1,2)+1,Valores!$C$11:$F$16,IF((WEEKNUM(EOMONTH(H80,0),2)-WEEKNUM(EOMONTH(H80,-1)+1,2)+1)=4,2,IF((WEEKNUM(EOMONTH(H80,0),2)-WEEKNUM(EOMONTH(H80,-1)+1,2)+1)=5,3,IF((WEEKNUM(EOMONTH(H80,0),2)-WEEKNUM(EOMONTH(H80,-1)+1,2)+1)=6,4,0))),0) -> 0.2 | J80: =WEEKNUM(Valores!$H80,2) -> 47 | K80: 2019 | L80: =WEEKDAY(Valores!$H80,2) -> 1 | M80: =VLOOKUP(Valores!$L80,Valores!$C$2:$E$8,3,0) -> 0.1 | N80: =Valores!$I80*Valores!$M80 -> 0.02 | O80: =Valores!$N80/SUMIFS(Valores!$N$2:$N$154,Valores!$H$2:$H$154,">="&EOMONTH(Valores!$H80,-1)+1,Valores!$H$2:$H$154,"<="&EOMONTH(Valores!$H80,0)) -> 0.021975607 | P80: =Valores!$O80*7754000 -> 170398.86
H81: 43788 | I81: =VLOOKUP(WEEKNUM(Valores!$H81,2)-WEEKNUM(EOMONTH(Valores!$H81,-1)+1,2)+1,Valores!$C$11:$F$16,IF((WEEKNUM(EOMONTH(H81,0),2)-WEEKNUM(EOMONTH(H81,-1)+1,2)+1)=4,2,IF((WEEKNUM(EOMONTH(H81,0),2)-WEEKNUM(EOMONTH(H81,-1)+1,2)+1)=5,3,IF((WEEKNUM(EOMONTH(H81,0),2)-WEEKNUM(EOMONTH(H81,-1)+1,2)+1)=6,4,0))),0) -> 0.2 | J81: =WEEKNUM(Valores!$H81,2) -> 47 | K81: 2019 | L81: =WEEKDAY(Valores!$H81,2) -> 2 | M81: =VLOOKUP(Valores!$L81,Valores!$C$2:$E$8,3,0) -> 0.1 | N81: =Valores!$I81*Valores!$M81 -> 0.02 | O81: =Valores!$N81/SUMIFS(Valores!$N$2:$N$154,Valores!$H$2:$H$154,">="&EOMONTH(Valores!$H81,-1)+1,Valores!$H$2:$H$154,"<="&EOMONTH(Valores!$H81,0)) -> 0.021975607 | P81: =Valores!$O81*7754000 -> 170398.86
H82: 43789 | I82: =VLOOKUP(WEEKNUM(Valores!$H82,2)-WEEKNUM(EOMONTH(Valores!$H82,-1)+1,2)+1,Valores!$C$11:$F$16,IF((WEEKNUM(EOMONTH(H82,0),2)-WEEKNUM(EOMONTH(H82,-1)+1,2)+1)=4,2,IF((WEEKNUM(EOMONTH(H82,0),2)-WEEKNUM(EOMONTH(H82,-1)+1,2)+1)=5,3,IF((WEEKNUM(EOMONTH(H82,0),2)-WEEKNUM(EOMONTH(H82,-1)+1,2)+1)=6,4,0))),0) -> 0.2 | J82: =WEEKNUM(Valores!$H82,2) -> 47 | K82: 2019 | L82: =WEEKDAY(Valores!$H82,2) -> 3 | M82: =VLOOKUP(Valores!$L82,Valores!$C$2:$E$8,3,0) -> 0.1 | N82: =Valores!$I82*Valores!$M82 -> 0.02 | O82: =Valores!$N82/SUMIFS(Valores!$N$2:$N$154,Valores!$H$2:$H$154,">="&EOMONTH(Valores!$H82,-1)+1,Valores!$H$2:$H$154,"<="&EOMONTH(Valores!$H82,0)) -> 0.021975607 | P82: =Valores!$O82*7754000 -> 170398.86
H83: 43790 | I83: =VLOOKUP(WEEKNUM(Valores!$H83,2)-WEEKNUM(EOMONTH(Valores!$H83,-1)+1,2)+1,Valores!$C$11:$F$16,IF((WEEKNUM(EOMONTH(H83,0),2)-WEEKNUM(EOMONTH(H83,-1)+1,2)+1)=4,2,IF((WEEKNUM(EOMONTH(H83,0),2)-WEEKNUM(EOMONTH(H83,-1)+1,2)+1)=5,3,IF((WEEKNUM(EOMONTH(H83,0),2)-WEEKNUM(EOMONTH(H83,-1)+1,2)+1)=6,4,0))),0) -> 0.2 | J83: =WEEKNUM(Valores!$H83,2) -> 47 | K83: 2019 | L83: =WEEKDAY(Valores!$H83,2) -> 4 | M83: =VLOOKUP(Valores!$L83,Valores!$C$2:$E$8,3,0) -> 0.1 | N83: =Valores!$I83*Valores!$M83 -> 0.02 | O83: =Valores!$N83/SUMIFS(Valores!$N$2:$N$154,Valores!$H$2:$H$154,">="&EOMONTH(Valores!$H83,-1)+1,Valores!$H$2:$H$154,"<="&EOMONTH(Valores!$H83,0)) -> 0.021975607 | P83: =Valores!$O83*7754000 -> 170398.86
H84: 43791 | I84: =VLOOKUP(WEEKNUM(Valores!$H84,2)-WEEKNUM(EOMONTH(Valores!$H84,-1)+1,2)+1,Valores!$C$11:$F$16,IF((WEEKNUM(EOMONTH(H84,0),2)-WEEKNUM(EOMONTH(H84,-1)+1,2)+1)=4,2,IF((WEEKNUM(EOMONTH(H84,0),2)-WEEKNUM(EOMONTH(H84,-1)+1,2)+1)=5,3,IF((WEEKNUM(EOMONTH(H84,0),2)-WEEKNUM(EOMONTH(H84,-1)+1,2)+1)=6,4,0))),0) -> 0.2 | J84: =WEEKNUM(Valores!$H84,2) -> 47 | K84: 2019 | L84: =WEEKDAY(Valores!$H84,2) -> 5 | M84: =VLOOKUP(Valores!$L84,Valores!$C$2:$E$8,3,0) -> 0.2 | N84: =Valores!$I84*Valores!$M84 -> 0.04 | O84: =Valores!$N84/SUMIFS(Valores!$N$2:$N$154,Valores!$H$2:$H$154,">="&EOMONTH(Valores!$H84,-1)+1,Valores!$H$2:$H$154,"<="&EOMONTH(Valores!$H84,0)) -> 0.043951214 | P84: =Valores!$O84*7754000 -> 340797.71
H85: 43792 | I85: =VLOOKUP(WEEKNUM(Valores!$H85,2)-WEEKNUM(EOMONTH(Valores!$H85,-1)+1,2)+1,Valores!$C$11:$F$16,IF((WEEKNUM(EOMONTH(H85,0),2)-WEEKNUM(EOMONTH(H85,-1)+1,2)+1)=4,2,IF((WEEKNUM(EOMONTH(H85,0),2)-WEEKNUM(EOMONTH(H85,-1)+1,2)+1)=5,3,IF((WEEKNUM(EOMONTH(H85,0),2)-WEEKNUM(EOMONTH(H85,-1)+1,2)+1)=6,4,0))),0) -> 0.2 | J85: =WEEKNUM(Valores!$H85,2) -> 47 | K85: 2019 | L85: =WEEKDAY(Valores!$H85,2) -> 6 | M85: =VLOOKUP(Valores!$L85,Valores!$C$2:$E$8,3,0) -> 0.25 | N85: =Valores!$I85*Valores!$M85 -> 0.05 | O85: =Valores!$N85/SUMIFS(Valores!$N$2:$N$154,Valores!$H$2:$H$154,">="&EOMONTH(Valores!$H85,-1)+1,Valores!$H$2:$H$154,"<="&EOMONTH(Valores!$H85,0)) -> 0.054939018 | P85: =Valores!$O85*7754000 -> 425997.14
H86: 43793 | I86: =VLOOKUP(WEEKNUM(Valores!$H86,2)-WEEKNUM(EOMONTH(Valores!$H86,-1)+1,2)+1,Valores!$C$11:$F$16,IF((WEEKNUM(EOMONTH(H86,0),2)-WEEKNUM(EOMONTH(H86,-1)+1,2)+1)=4,2,IF((WEEKNUM(EOMONTH(H86,0),2)-WEEKNUM(EOMONTH(H86,-1)+1,2)+1)=5,3,IF((WEEKNUM(EOMONTH(H86,0),2)-WEEKNUM(EOMONTH(H86,-1)+1,2)+1)=6,4,0))),0) -> 0.2 | J86: =WEEKNUM(Valores!$H86,2) -> 47 | K86: 2019 | L86: =WEEKDAY(Valores!$H86,2) -> 7 | M86: =VLOOKUP(Valores!$L86,Valores!$C$2:$E$8,3,0) -> 0.15 | N86: =Valores!$I86*Valores!$M86 -> 0.03 | O86: =Valores!$N86/SUMIFS(Valores!$N$2:$N$154,Valores!$H$2:$H$154,">="&EOMONTH(Valores!$H86,-1)+1,Valores!$H$2:$H$154,"<="&EOMONTH(Valores!$H86,0)) -> 0.032963411 | P86: =Valores!$O86*7754000 -> 255598.29
H87: 43794 | I87: =VLOOKUP(WEEKNUM(Valores!$H87,2)-WEEKNUM(EOMONTH(Valores!$H87,-1)+1,2)+1,Valores!$C$11:$F$16,IF((WEEKNUM(EOMONTH(H87,0),2)-WEEKNUM(EOMONTH(H87,-1)+1,2)+1)=4,2,IF((WEEKNUM(EOMONTH(H87,0),2)-WEEKNUM(EOMONTH(H87,-1)+1,2)+1)=5,3,IF((WEEKNUM(EOMONTH(H87,0),2)-WEEKNUM(EOMONTH(H87,-1)+1,2)+1)=6,4,0))),0) -> 0.22 | J87: =WEEKNUM(Valores!$H87,2) -> 48 | K87: 2019 | L87: =WEEKDAY(Valores!$H87,2) -> 1 | M87: =VLOOKUP(Valores!$L87,Valores!$C$2:$E$8,3,0) -> 0.1 | N87: =Valores!$I87*Valores!$M87 -> 0.022 | O87: =Valores!$N87/SUMIFS(Valores!$N$2:$N$154,Valores!$H$2:$H$154,">="&EOMONTH(Valores!$H87,-1)+1,Valores!$H$2:$H$154,"<="&EOMONTH(Valores!$H87,0)) -> 0.024173168 | P87: =Valores!$O87*7754000 -> 187438.74
H88: 43795 | I88: =VLOOKUP(WEEKNUM(Valores!$H88,2)-WEEKNUM(EOMONTH(Valores!$H88,-1)+1,2)+1,Valores!$C$11:$F$16,IF((WEEKNUM(EOMONTH(H88,0),2)-WEEKNUM(EOMONTH(H88,-1)+1,2)+1)=4,2,IF((WEEKNUM(EOMONTH(H88,0),2)-WEEKNUM(EOMONTH(H88,-1)+1,2)+1)=5,3,IF((WEEKNUM(EOMONTH(H88,0),2)-WEEKNUM(EOMONTH(H88,-1)+1,2)+1)=6,4,0))),0) -> 0.22 | J88: =WEEKNUM(Valores!$H88,2) -> 48 | K88: 2019 | L88: =WEEKDAY(Valores!$H88,2) -> 2 | M88: =VLOOKUP(Valores!$L88,Valores!$C$2:$E$8,3,0) -> 0.1 | N88: =Valores!$I88*Valores!$M88 -> 0.022 | O88: =Valores!$N88/SUMIFS(Valores!$N$2:$N$154,Valores!$H$2:$H$154,">="&EOMONTH(Valores!$H88,-1)+1,Valores!$H$2:$H$154,"<="&EOMONTH(Valores!$H88,0)) -> 0.024173168 | P88: =Valores!$O88*7754000 -> 187438.74
H89: 43796 | I89: =VLOOKUP(WEEKNUM(Valores!$H89,2)-WEEKNUM(EOMONTH(Valores!$H89,-1)+1,2)+1,Valores!$C$11:$F$16,IF((WEEKNUM(EOMONTH(H89,0),2)-WEEKNUM(EOMONTH(H89,-1)+1,2)+1)=4,2,IF((WEEKNUM(EOMONTH(H89,0),2)-WEEKNUM(EOMONTH(H89,-1)+1,2)+1)=5,3,IF((WEEKNUM(EOMONTH(H89,0),2)-WEEKNUM(EOMONTH(H89,-1)+1,2)+1)=6,4,0))),0) -> 0.22 | J89: =WEEKNUM(Valores!$H89,2) -> 48 | K89: 2019 | L89: =WEEKDAY(Valores!$H89,2) -> 3 | M89: =VLOOKUP(Valores!$L89,Valores!$C$2:$E$8,3,0) -> 0.1 | N89: =Valores!$I89*Valores!$M89 -> 0.022 | O89: =Valores!$N89/SUMIFS(Valores!$N$2:$N$154,Valores!$H$2:$H$154,">="&EOMONTH(Valores!$H89,-1)+1,Valores!$H$2:$H$154,"<="&EOMONTH(Valores!$H89,0)) -> 0.024173168 | P89: =Valores!$O89*7754000 -> 187438.74
H90: 43797 | I90: =VLOOKUP(WEEKNUM(Valores!$H90,2)-WEEKNUM(EOMONTH(Valores!$H90,-1)+1,2)+1,Valores!$C$11:$F$16,IF((WEEKNUM(EOMONTH(H90,0),2)-WEEKNUM(EOMONTH(H90,-1)+1,2)+1)=4,2,IF((WEEKNUM(EOMONTH(H90,0),2)-WEEKNUM(EOMONTH(H90,-1)+1,2)+1)=5,3,IF((WEEKNUM(EOMONTH(H90,0),2)-WEEKNUM(EOMONTH(H90,-1)+1,2)+1)=6,4,0))),0) -> 0.22 | J90: =WEEKNUM(Valores!$H90,2) -> 48 | K90: 2019 | L90: =WEEKDAY(Valores!$H90,2) -> 4 | M90: =VLOOKUP(Valores!$L90,Valores!$C$2:$E$8,3,0) -> 0.1 | N90: =Valores!$I90*Valores!$M90 -> 0.022 | O90: =Valores!$N90/SUMIFS(Valores!$N$2:$N$154,Valores!$H$2:$H$154,">="&EOMONTH(Valores!$H90,-1)+1,Valores!$H$2:$H$154,"<="&EOMONTH(Valores!$H90,0)) -> 0.024173168 | P90: =Valores!$O90*7754000 -> 187438.74
H91: 43798 | I91: =VLOOKUP(WEEKNUM(Valores!$H91,2)-WEEKNUM(EOMONTH(Valores!$H91,-1)+1,2)+1,Valores!$C$11:$F$16,IF((WEEKNUM(EOMONTH(H91,0),2)-WEEKNUM(EOMONTH(H91,-1)+1,2)+1)=4,2,IF((WEEKNUM(EOMONTH(H91,0),2)-WEEKNUM(EOMONTH(H91,-1)+1,2)+1)=5,3,IF((WEEKNUM(EOMONTH(H91,0),2)-WEEKNUM(EOMONTH(H91,-1)+1,2)+1)=6,4,0))),0) -> 0.22 | J91: =WEEKNUM(Valores!$H91,2) -> 48 | K91: 2019 | L91: =WEEKDAY(Valores!$H91,2) -> 5 | M91: =VLOOKUP(Valores!$L91,Valores!$C$2:$E$8,3,0) -> 0.2 | N91: =Valores!$I91*Valores!$M91 -> 0.044 | O91: =Valores!$N91/SUMIFS(Valores!$N$2:$N$154,Valores!$H$2:$H$154,">="&EOMONTH(Valores!$H91,-1)+1,Valores!$H$2:$H$154,"<="&EOMONTH(Valores!$H91,0)) -> 0.048346336 | P91: =Valores!$O91*7754000 -> 374877.49
H92: 43799 | I92: =VLOOKUP(WEEKNUM(Valores!$H92,2)-WEEKNUM(EOMONTH(Valores!$H92,-1)+1,2)+1,Valores!$C$11:$F$16,IF((WEEKNUM(EOMONTH(H92,0),2)-WEEKNUM(EOMONTH(H92,-1)+1,2)+1)=4,2,IF((WEEKNUM(EOMONTH(H92,0),2)-WEEKNUM(EOMONTH(H92,-1)+1,2)+1)=5,3,IF((WEEKNUM(EOMONTH(H92,0),2)-WEEKNUM(EOMONTH(H92,-1)+1,2)+1)=6,4,0))),0) -> 0.22 | J92: =WEEKNUM(Valores!$H92,2) -> 48 | K92: 2019 | L92: =WEEKDAY(Valores!$H92,2) -> 6 | M92: 0.3 | N92: =Valores!$I92*Valores!$M92 -> 0.066 | O92: =Valores!$N92/SUMIFS(Valores!$N$2:$N$154,Valores!$H$2:$H$154,">="&EOMONTH(Valores!$H92,-1)+1,Valores!$H$2:$H$154,"<="&EOMONTH(Valores!$H92,0)) -> 0.072519503 | P92: =Valores!$O92*7754000 -> 562316.23
H93: 43800 | I93: =VLOOKUP(WEEKNUM(Valores!$H93,2)-WEEKNUM(EOMONTH(Valores!$H93,-1)+1,2)+1,Valores!$C$11:$F$16,IF((WEEKNUM(EOMONTH(H93,0),2)-WEEKNUM(EOMONTH(H93,-1)+1,2)+1)=4,2,IF((WEEKNUM(EOMONTH(H93,0),2)-WEEKNUM(EOMONTH(H93,-1)+1,2)+1)=5,3,IF((WEEKNUM(EOMONTH(H93,0),2)-WEEKNUM(EOMONTH(H93,-1)+1,2)+1)=6,4,0))),0) -> #VALUE! | J93: =WEEKNUM(Valores!$H93,2) -> 48 | K93: 2019 | L93: =WEEKDAY(Valores!$H93,2) -> 7 | M93: 0.098 | N93: =Valores!$I93*Valores!$M93 -> #VALUE! | O93: =Valores!$N93/SUMIFS(Valores!$N$2:$N$154,Valores!$H$2:$H$154,">="&EOMONTH(Valores!$H93,-1)+1,Valores!$H$2:$H$154,"<="&EOMONTH(Valores!$H93,0)) -> #VALUE! | P93: =Valores!$O93*7754000 -> #VALUE!
H94: 43801 | I94: =VLOOKUP(WEEKNUM(Valores!$H94,2)-WEEKNUM(EOMONTH(Valores!$H94,-1)+1,2)+1,Valores!$C$11:$F$16,IF((WEEKNUM(EOMONTH(H94,0),2)-WEEKNUM(EOMONTH(H94,-1)+1,2)+1)=4,2,IF((WEEKNUM(EOMONTH(H94,0),2)-WEEKNUM(EOMONTH(H94,-1)+1,2)+1)=5,3,IF((WEEKNUM(EOMONTH(H94,0),2)-WEEKNUM(EOMONTH(H94,-1)+1,2)+1)=6,4,0))),0) -> #VALUE! | J94: =WEEKNUM(Valores!$H94,2) -> 49 | K94: 2019 | L94: =WEEKDAY(Valores!$H94,2) -> 1 | M94: =VLOOKUP(Valores!$L94,Valores!$C$2:$E$8,3,0) -> 0.1 | N94: =Valores!$I94*Valores!$M94 -> #VALUE! | O94: =Valores!$N94/SUMIFS(Valores!$N$2:$N$154,Valores!$H$2:$H$154,">="&EOMONTH(Valores!$H94,-1)+1,Valores!$H$2:$H$154,"<="&EOMONTH(Valores!$H94,0)) -> #VALUE! | P94: =Valores!$O94*7754000 -> #VALUE!
H95: 43802 | I95: =VLOOKUP(WEEKNUM(Valores!$H95,2)-WEEKNUM(EOMONTH(Valores!$H95,-1)+1,2)+1,Valores!$C$11:$F$16,IF((WEEKNUM(EOMONTH(H95,0),2)-WEEKNUM(EOMONTH(H95,-1)+1,2)+1)=4,2,IF((WEEKNUM(EOMONTH(H95,0),2)-WEEKNUM(EOMONTH(H95,-1)+1,2)+1)=5,3,IF((WEEKNUM(EOMONTH(H95,0),2)-WEEKNUM(EOMONTH(H95,-1)+1,2)+1)=6,4,0))),0) -> #VALUE! | J95: =WEEKNUM(Valores!$H95,2) -> 49 | K95: 2019 | L95: =WEEKDAY(Valores!$H95,2) -> 2 | M95: =VLOOKUP(Valores!$L95,Valores!$C$2:$E$8,3,0) -> 0.1 | N95: =Valores!$I95*Valores!$M95 -> #VALUE! | O95: =Valores!$N95/SUMIFS(Valores!$N$2:$N$154,Valores!$H$2:$H$154,">="&EOMONTH(Valores!$H95,-1)+1,Valores!$H$2:$H$154,"<="&EOMONTH(Valores!$H95,0)) -> #VALUE! | P95: =Valores!$O95*7754000 -> #VALUE!
H96: 43803 | I96: =VLOOKUP(WEEKNUM(Valores!$H96,2)-WEEKNUM(EOMONTH(Valores!$H96,-1)+1,2)+1,Valores!$C$11:$F$16,IF((WEEKNUM(EOMONTH(H96,0),2)-WEEKNUM(EOMONTH(H96,-1)+1,2)+1)=4,2,IF((WEEKNUM(EOMONTH(H96,0),2)-WEEKNUM(EOMONTH(H96,-1)+1,2)+1)=5,3,IF((WEEKNUM(EOMONTH(H96,0),2)-WEEKNUM(EOMONTH(H96,-1)+1,2)+1)=6,4,0))),0) -> #VALUE! | J96: =WEEKNUM(Valores!$H96,2) -> 49 | K96: 2019 | L96: =WEEKDAY(Valores!$H96,2) -> 3 | M96: =VLOOKUP(Valores!$L96,Valores!$C$2:$E$8,3,0) -> 0.1 | N96: =Valores!$I96*Valores!$M96 -> #VALUE! | O96: =Valores!$N96/SUMIFS(Valores!$N$2:$N$154,Valores!$H$2:$H$154,">="&EOMONTH(Valores!$H96,-1)+1,Valores!$H$2:$H$154,"<="&EOMONTH(Valores!$H96,0)) -> #VALUE! | P96: =Valores!$O96*7754000 -> #VALUE!
H97: 43804 | I97: =VLOOKUP(WEEKNUM(Valores!$H97,2)-WEEKNUM(EOMONTH(Valores!$H97,-1)+1,2)+1,Valores!$C$11:$F$16,IF((WEEKNUM(EOMONTH(H97,0),2)-WEEKNUM(EOMONTH(H97,-1)+1,2)+1)=4,2,IF((WEEKNUM(EOMONTH(H97,0),2)-WEEKNUM(EOMONTH(H97,-1)+1,2)+1)=5,3,IF((WEEKNUM(EOMONTH(H97,0),2)-WEEKNUM(EOMONTH(H97,-1)+1,2)+1)=6,4,0))),0) -> #VALUE! | J97: =WEEKNUM(Valores!$H97,2) -> 49 | K97: 2019 | L97: =WEEKDAY(Valores!$H97,2) -> 4 | M97: =VLOOKUP(Valores!$L97,Valores!$C$2:$E$8,3,0) -> 0.1 | N97: =Valores!$I97*Valores!$M97 -> #VALUE! | O97: =Valores!$N97/SUMIFS(Valores!$N$2:$N$154,Valores!$H$2:$H$154,">="&EOMONTH(Valores!$H97,-1)+1,Valores!$H$2:$H$154,"<="&EOMONTH(Valores!$H97,0)) -> #VALUE! | P97: =Valores!$O97*7754000 -> #VALUE!
H98: 43805 | I98: =VLOOKUP(WEEKNUM(Valores!$H98,2)-WEEKNUM(EOMONTH(Valores!$H98,-1)+1,2)+1,Valores!$C$11:$F$16,IF((WEEKNUM(EOMONTH(H98,0),2)-WEEKNUM(EOMONTH(H98,-1)+1,2)+1)=4,2,IF((WEEKNUM(EOMONTH(H98,0),2)-WEEKNUM(EOMONTH(H98,-1)+1,2)+1)=5,3,IF((WEEKNUM(EOMONTH(H98,0),2)-WEEKNUM(EOMONTH(H98,-1)+1,2)+1)=6,4,0))),0) -> #VALUE! | J98: =WEEKNUM(Valores!$H98,2) -> 49 | K98: 2019 | L98: =WEEKDAY(Valores!$H98,2) -> 5 | M98: =VLOOKUP(Valores!$L98,Valores!$C$2:$E$8,3,0) -> 0.2 | N98: =Valores!$I98*Valores!$M98 -> #VALUE! | O98: =Valores!$N98/SUMIFS(Valores!$N$2:$N$154,Valores!$H$2:$H$154,">="&EOMONTH(Valores!$H98,-1)+1,Valores!$H$2:$H$154,"<="&EOMONTH(Valores!$H98,0)) -> #VALUE! | P98: =Valores!$O98*7754000 -> #VALUE!
H99: 43806 | I99: =VLOOKUP(WEEKNUM(Valores!$H99,2)-WEEKNUM(EOMONTH(Valores!$H99,-1)+1,2)+1,Valores!$C$11:$F$16,IF((WEEKNUM(EOMONTH(H99,0),2)-WEEKNUM(EOMONTH(H99,-1)+1,2)+1)=4,2,IF((WEEKNUM(EOMONTH(H99,0),2)-WEEKNUM(EOMONTH(H99,-1)+1,2)+1)=5,3,IF((WEEKNUM(EOMONTH(H99,0),2)-WEEKNUM(EOMONTH(H99,-1)+1,2)+1)=6,4,0))),0) -> #VALUE! | J99: =WEEKNUM(Valores!$H99,2) -> 49 | K99: 2019 | L99: =WEEKDAY(Valores!$H99,2) -> 6 | M99: 0.3 | N99: =Valores!$I99*Valores!$M99 -> #VALUE! | O99: =Valores!$N99/SUMIFS(Valores!$N$2:$N$154,Valores!$H$2:$H$154,">="&EOMONTH(Valores!$H99,-1)+1,Valores!$H$2:$H$154,"<="&EOMONTH(Valores!$H99,0)) -> #VALUE! | P99: =Valores!$O99*7754000 -> #VALUE!
H100: 43807 | I100: =VLOOKUP(WEEKNUM(Valores!$H100,2)-WEEKNUM(EOMONTH(Valores!$H100,-1)+1,2)+1,Valores!$C$11:$F$16,IF((WEEKNUM(EOMONTH(H100,0),2)-WEEKNUM(EOMONTH(H100,-1)+1,2)+1)=4,2,IF((WEEKNUM(EOMONTH(H100,0),2)-WEEKNUM(EOMONTH(H100,-1)+1,2)+1)=5,3,IF((WEEKNUM(EOMONTH(H100,0),2)-WEEKNUM(EOMONTH(H100,-1)+1,2)+1)=6,4,0))),0) -> #VALUE! | J100: =WEEKNUM(Valores!$H100,2) -> 49 | K100: 2019 | L100: =WEEKDAY(Valores!$H100,2) -> 7 | M100: 0.18 | N100: =Valores!$I100*Valores!$M100 -> #VALUE! | O100: =Valores!$N100/SUMIFS(Valores!$N$2:$N$154,Valores!$H$2:$H$154,">="&EOMONTH(Valores!$H100,-1)+1,Valores!$H$2:$H$154,"<="&EOMONTH(Valores!$H100,0)) -> #VALUE! | P100: =Valores!$O100*7754000 -> #VALUE!
H101: 43808 | I101: =VLOOKUP(WEEKNUM(Valores!$H101,2)-WEEKNUM(EOMONTH(Valores!$H101,-1)+1,2)+1,Valores!$C$11:$F$16,IF((WEEKNUM(EOMONTH(H101,0),2)-WEEKNUM(EOMONTH(H101,-1)+1,2)+1)=4,2,IF((WEEKNUM(EOMONTH(H101,0),2)-WEEKNUM(EOMONTH(H101,-1)+1,2)+1)=5,3,IF((WEEKNUM(EOMONTH(H101,0),2)-WEEKNUM(EOMONTH(H101,-1)+1,2)+1)=6,4,0))),0) -> #VALUE! | J101: =WEEKNUM(Valores!$H101,2) -> 50 | K101: 2019 | L101: =WEEKDAY(Valores!$H101,2) -> 1 | M101: =VLOOKUP(Valores!$L101,Valores!$C$2:$E$8,3,0) -> 0.1 | N101: =Valores!$I101*Valores!$M101 -> #VALUE! | O101: =Valores!$N101/SUMIFS(Valores!$N$2:$N$154,Valores!$H$2:$H$154,">="&EOMONTH(Valores!$H101,-1)+1,Valores!$H$2:$H$154,"<="&EOMONTH(Valores!$H101,0)) -> #VALUE! | P101: =Valores!$O101*7754000 -> #VALUE!
...

Sheet Matríz Tiendas
A1: Cadena | B1: Tienda | C1: Meta | D1: Meta | E1: Meta | F1: Meta | G1: SEPTIEMBRE 2019 | AK1: OCTUBRE 2019 | BP1: NOVIEMBRE 2019 | CT1: 43800
C2: 43709 | D2: 43739 | E2: 43770 | F2: 43800 | G2: 43709 | H2: 43710 | I2: 43711 | J2: 43712 | K2: 43713 | L2: 43714 | M2: 43715 | N2: 43716 | O2: 43717 | P2: 43718 | Q2: 43719 | R2: 43720 | S2: 43721 | T2: 43722 | U2: 43723 | V2: 43724 | W2: 43725 | X2: 43726 | Y2: 43727 | Z2: 43728 | AA2: 43729 | AB2: 43730 | AC2: 43731 | AD2: 43732 | AE2: 43733 | AF2: 43734 | AG2: 43735 | AH2: 43736 | AI2: 43737 | AJ2: 43738 | AK2: 43739 | AL2: 43740 | AM2: 43741 | AN2: 43742 | AO2: 43743 | AP2: 43744 | AQ2: 43745 | AR2: 43746 | AS2: 43747 | AT2: 43748 | AU2: 43749 | AV2: 43750 | AW2: 43751 | AX2: 43752 | AY2: 43753 | AZ2: 43754 | BA2: 43755 | BB2: 43756 | BC2: 43757 | BD2: 43758 | BE2: 43759 | BF2: 43760 | BG2: 43761 | BH2: 43762 | BI2: 43763 | BJ2: 43764 | BK2: 43765 | BL2: 43766 | BM2: 43767 | BN2: 43768 | BO2: 43769 | BP2: 43770 | BQ2: 43771 | BR2: 43772 | BS2: 43773 | BT2: 43774 | BU2: 43775 | BV2: 43776 | BW2: 43777 | BX2: 43778 | BY2: 43779 | BZ2: 43780 | CA2: 43781 | CB2: 43782 | CC2: 43783 | CD2: 43784 | CE2: 43785 | CF2: 43786 | CG2: 43787 | CH2: 43788 | CI2: 43789 | CJ2: 43790 | CK2: 43791 | CL2: 43792 | CM2: 43793 | CN2: 43794 | CO2: 43795 | CP2: 43796 | CQ2: 43797 | CR2: 43798 | CS2: 43799 | CT2: 43800 | CU2: 43801 | CV2: 43802 | CW2: 43803 | CX2: 43804 | CY2: 43805 | CZ2: 43806 | DA2: 43807 | DB2: 43808 | DC2: 43809 | DD2: 43810 | DE2: 43811 | DF2: 43812 | DG2: 43813 | DH2: 43814 | DI2: 43815 | DJ2: 43816 | DK2: 43817 | DL2: 43818 | DM2: 43819 | DN2: 43820 | DO2: 43821 | DP2: 43822 | DQ2: 43823 | DR2: 43824 | DS2: 43825 | DT2: 43826 | DU2: 43827 | DV2: 43828 | DW2: 43829 | DX2: 43830
A3: Ripley | B3: Talca | C3: 3154790 | D3: 2839311 | E3: 2555379.9 | F3: 10000000 | G3: =SUMIF($C$2:$F$2,EOMONTH(G$2,-1)+1,$C3:$F3)*VLOOKUP(G$2,Valores!$H$2:$P$154,8,0) -> 90848.815 | H3: =SUMIF($C$2:$F$2,EOMONTH(H$2,-1)+1,$C3:$F3)*VLOOKUP(H$2,Valores!$H$2:$P$154,8,0) -> 62296.33 | I3: =SUMIF($C$2:$F$2,EOMONTH(I$2,-1)+1,$C3:$F3)*VLOOKUP(I$2,Valores!$H$2:$P$154,8,0) -> 62296.33 | J3: =SUMIF($C$2:$F$2,EOMONTH(J$2,-1)+1,$C3:$F3)*VLOOKUP(J$2,Valores!$H$2:$P$154,8,0) -> 62296.33 | K3: =SUMIF($C$2:$F$2,EOMONTH(K$2,-1)+1,$C3:$F3)*VLOOKUP(K$2,Valores!$H$2:$P$154,8,0) -> 62296.33 | L3: =SUMIF($C$2:$F$2,EOMONTH(L$2,-1)+1,$C3:$F3)*VLOOKUP(L$2,Valores!$H$2:$P$154,8,0) -> 124592.66 | M3: =SUMIF($C$2:$F$2,EOMONTH(M$2,-1)+1,$C3:$F3)*VLOOKUP(M$2,Valores!$H$2:$P$154,8,0) -> 155740.83 | N3: =SUMIF($C$2:$F$2,EOMONTH(N$2,-1)+1,$C3:$F3)*VLOOKUP(N$2,Valores!$H$2:$P$154,8,0) -> 93444.496 | ... DX3: =SUMIF($C$2:$F$2,EOMONTH(DX$2,-1)+1,$C3:$F3)*VLOOKUP(DX$2,Valores!$H$2:$P$154,8,0) -> #VALUE!
A4: Ripley | B4: Temuco | C4: 3075077 | D4: 2767569.3 | E4: 2490812.4 | F4: 2241731.1 | G4: =SUMIF($C$2:$F$2,EOMONTH(G$2,-1)+1,$C4:$F4)*VLOOKUP(G$2,Valores!$H$2:$P$154,8,0) -> 88553.312 | H4: =SUMIF($C$2:$F$2,EOMONTH(H$2,-1)+1,$C4:$F4)*VLOOKUP(H$2,Valores!$H$2:$P$154,8,0) -> 60722.271 | I4: =SUMIF($C$2:$F$2,EOMONTH(I$2,-1)+1,$C4:$F4)*VLOOKUP(I$2,Valores!$H$2:$P$154,8,0) -> 60722.271 | J4: =SUMIF($C$2:$F$2,EOMONTH(J$2,-1)+1,$C4:$F4)*VLOOKUP(J$2,Valores!$H$2:$P$154,8,0) -> 60722.271 | K4: =SUMIF($C$2:$F$2,EOMONTH(K$2,-1)+1,$C4:$F4)*VLOOKUP(K$2,Valores!$H$2:$P$154,8,0) -> 60722.271 | L4: =SUMIF($C$2:$F$2,EOMONTH(L$2,-1)+1,$C4:$F4)*VLOOKUP(L$2,Valores!$H$2:$P$154,8,0) -> 121444.54 | M4: =SUMIF($C$2:$F$2,EOMONTH(M$2,-1)+1,$C4:$F4)*VLOOKUP(M$2,Valores!$H$2:$P$154,8,0) -> 151805.68 | N4: =SUMIF($C$2:$F$2,EOMONTH(N$2,-1)+1,$C4:$F4)*VLOOKUP(N$2,Valores!$H$2:$P$154,8,0) -> 91083.406 | ... DX4: =SUMIF($C$2:$F$2,EOMONTH(DX$2,-1)+1,$C4:$F4)*VLOOKUP(DX$2,Valores!$H$2:$P$154,8,0) -> #VALUE!
A5: Ripley | B5: La Calera | C5: 2882749 | D5: 2594474.1 | E5: 2335026.7 | F5: 2101524 | G5: =SUMIF($C$2:$F$2,EOMONTH(G$2,-1)+1,$C5:$F5)*VLOOKUP(G$2,Valores!$H$2:$P$154,8,0) -> 83014.822 | H5: =SUMIF($C$2:$F$2,EOMONTH(H$2,-1)+1,$C5:$F5)*VLOOKUP(H$2,Valores!$H$2:$P$154,8,0) -> 56924.45 | I5: =SUMIF($C$2:$F$2,EOMONTH(I$2,-1)+1,$C5:$F5)*VLOOKUP(I$2,Valores!$H$2:$P$154,8,0) -> 56924.45 | J5: =SUMIF($C$2:$F$2,EOMONTH(J$2,-1)+1,$C5:$F5)*VLOOKUP(J$2,Valores!$H$2:$P$154,8,0) -> 56924.45 | K5: =SUMIF($C$2:$F$2,EOMONTH(K$2,-1)+1,$C5:$F5)*VLOOKUP(K$2,Valores!$H$2:$P$154,8,0) -> 56924.45 | L5: =SUMIF($C$2:$F$2,EOMONTH(L$2,-1)+1,$C5:$F5)*VLOOKUP(L$2,Valores!$H$2:$P$154,8,0) -> 113848.9 | M5: =SUMIF($C$2:$F$2,EOMONTH(M$2,-1)+1,$C5:$F5)*VLOOKUP(M$2,Valores!$H$2:$P$154,8,0) -> 142311.12 | N5: =SUMIF($C$2:$F$2,EOMONTH(N$2,-1)+1,$C5:$F5)*VLOOKUP(N$2,Valores!$H$2:$P$154,8,0) -> 85386.674 | ... DX5: =SUMIF($C$2:$F$2,EOMONTH(DX$2,-1)+1,$C5:$F5)*VLOOKUP(DX$2,Valores!$H$2:$P$154,8,0) -> #VALUE!
A6: Ripley | B6: Costanera Center | C6: 2658456 | D6: 2392610.4 | E6: 2153349.4 | F6: 1938014.4 | G6: =SUMIF($C$2:$F$2,EOMONTH(G$2,-1)+1,$C6:$F6)*VLOOKUP(G$2,Valores!$H$2:$P$154,8,0) -> 76555.833 | H6: =SUMIF($C$2:$F$2,EOMONTH(H$2,-1)+1,$C6:$F6)*VLOOKUP(H$2,Valores!$H$2:$P$154,8,0) -> 52495.429 | I6: =SUMIF($C$2:$F$2,EOMONTH(I$2,-1)+1,$C6:$F6)*VLOOKUP(I$2,Valores!$H$2:$P$154,8,0) -> 52495.429 | J6: =SUMIF($C$2:$F$2,EOMONTH(J$2,-1)+1,$C6:$F6)*VLOOKUP(J$2,Valores!$H$2:$P$154,8,0) -> 52495.429 | K6: =SUMIF($C$2:$F$2,EOMONTH(K$2,-1)+1,$C6:$F6)*VLOOKUP(K$2,Valores!$H$2:$P$154,8,0) -> 52495.429 | L6: =SUMIF($C$2:$F$2,EOMONTH(L$2,-1)+1,$C6:$F6)*VLOOKUP(L$2,Valores!$H$2:$P$154,8,0) -> 104990.86 | M6: =SUMIF($C$2:$F$2,EOMONTH(M$2,-1)+1,$C6:$F6)*VLOOKUP(M$2,Valores!$H$2:$P$154,8,0) -> 131238.57 | N6: =SUMIF($C$2:$F$2,EOMONTH(N$2,-1)+1,$C6:$F6)*VLOOKUP(N$2,Valores!$H$2:$P$154,8,0) -> 78743.143 | ... DX6: =SUMIF($C$2:$F$2,EOMONTH(DX$2,-1)+1,$C6:$F6)*VLOOKUP(DX$2,Valores!$H$2:$P$154,8,0) -> #VALUE!
A7: Ripley | B7: Curico | C7: 2250873 | D7: 2025785.7 | E7: 1823207.1 | F7: 1640886.4 | G7: =SUMIF($C$2:$F$2,EOMONTH(G$2,-1)+1,$C7:$F7)*VLOOKUP(G$2,Valores!$H$2:$P$154,8,0) -> 64818.623 | H7: =SUMIF($C$2:$F$2,EOMONTH(H$2,-1)+1,$C7:$F7)*VLOOKUP(H$2,Valores!$H$2:$P$154,8,0) -> 44447.056 | I7: =SUMIF($C$2:$F$2,EOMONTH(I$2,-1)+1,$C7:$F7)*VLOOKUP(I$2,Valores!$H$2:$P$154,8,0) -> 44447.056 | J7: =SUMIF($C$2:$F$2,EOMONTH(J$2,-1)+1,$C7:$F7)*VLOOKUP(J$2,Valores!$H$2:$P$154,8,0) -> 44447.056 | K7: =SUMIF($C$2:$F$2,EOMONTH(K$2,-1)+1,$C7:$F7)*VLOOKUP(K$2,Valores!$H$2:$P$154,8,0) -> 44447.056 | L7: =SUMIF($C$2:$F$2,EOMONTH(L$2,-1)+1,$C7:$F7)*VLOOKUP(L$2,Valores!$H$2:$P$154,8,0) -> 88894.112 | M7: =SUMIF($C$2:$F$2,EOMONTH(M$2,-1)+1,$C7:$F7)*VLOOKUP(M$2,Valores!$H$2:$P$154,8,0) -> 111117.64 | N7: =SUMIF($C$2:$F$2,EOMONTH(N$2,-1)+1,$C7:$F7)*VLOOKUP(N$2,Valores!$H$2:$P$154,8,0) -> 66670.584 | ... DX7: =SUMIF($C$2:$F$2,EOMONTH(DX$2,-1)+1,$C7:$F7)*VLOOKUP(DX$2,Valores!$H$2:$P$154,8,0) -> #VALUE!
A8: Ripley | B8: Marina Arauco | C8: 2164213 | D8: 1947791.7 | E8: 1753012.5 | F8: 1577711.3 | G8: =SUMIF($C$2:$F$2,EOMONTH(G$2,-1)+1,$C8:$F8)*VLOOKUP(G$2,Valores!$H$2:$P$154,8,0) -> 62323.066 | H8: =SUMIF($C$2:$F$2,EOMONTH(H$2,-1)+1,$C8:$F8)*VLOOKUP(H$2,Valores!$H$2:$P$154,8,0) -> 42735.817 | I8: =SUMIF($C$2:$F$2,EOMONTH(I$2,-1)+1,$C8:$F8)*VLOOKUP(I$2,Valores!$H$2:$P$154,8,0) -> 42735.817 | J8: =SUMIF($C$2:$F$2,EOMONTH(J$2,-1)+1,$C8:$F8)*VLOOKUP(J$2,Valores!$H$2:$P$154,8,0) -> 42735.817 | K8: =SUMIF($C$2:$F$2,EOMONTH(K$2,-1)+1,$C8:$F8)*VLOOKUP(K$2,Valores!$H$2:$P$154,8,0) -> 42735.817 | L8: =SUMIF($C$2:$F$2,EOMONTH(L$2,-1)+1,$C8:$F8)*VLOOKUP(L$2,Valores!$H$2:$P$154,8,0) -> 85471.634 | M8: =SUMIF($C$2:$F$2,EOMONTH(M$2,-1)+1,$C8:$F8)*VLOOKUP(M$2,Valores!$H$2:$P$154,8,0) -> 106839.54 | N8: =SUMIF($C$2:$F$2,EOMONTH(N$2,-1)+1,$C8:$F8)*VLOOKUP(N$2,Valores!$H$2:$P$154,8,0) -> 64103.726 | ... DX8: =SUMIF($C$2:$F$2,EOMONTH(DX$2,-1)+1,$C8:$F8)*VLOOKUP(DX$2,Valores!$H$2:$P$154,8,0) -> #VALUE!
A9: Ripley | B9: Plaza Oeste | C9: 1650337 | D9: 1485303.3 | E9: 1336773 | F9: 1203095.7 | G9: =SUMIF($C$2:$F$2,EOMONTH(G$2,-1)+1,$C9:$F9)*VLOOKUP(G$2,Valores!$H$2:$P$154,8,0) -> 47524.926 | H9: =SUMIF($C$2:$F$2,EOMONTH(H$2,-1)+1,$C9:$F9)*VLOOKUP(H$2,Valores!$H$2:$P$154,8,0) -> 32588.521 | I9: =SUMIF($C$2:$F$2,EOMONTH(I$2,-1)+1,$C9:$F9)*VLOOKUP(I$2,Valores!$H$2:$P$154,8,0) -> 32588.521 | J9: =SUMIF($C$2:$F$2,EOMONTH(J$2,-1)+1,$C9:$F9)*VLOOKUP(J$2,Valores!$H$2:$P$154,8,0) -> 32588.521 | K9: =SUMIF($C$2:$F$2,EOMONTH(K$2,-1)+1,$C9:$F9)*VLOOKUP(K$2,Valores!$H$2:$P$154,8,0) -> 32588.521 | L9: =SUMIF($C$2:$F$2,EOMONTH(L$2,-1)+1,$C9:$F9)*VLOOKUP(L$2,Valores!$H$2:$P$154,8,0) -> 65177.041 | M9: =SUMIF($C$2:$F$2,EOMONTH(M$2,-1)+1,$C9:$F9)*VLOOKUP(M$2,Valores!$H$2:$P$154,8,0) -> 81471.302 | N9: =SUMIF($C$2:$F$2,EOMONTH(N$2,-1)+1,$C9:$F9)*VLOOKUP(N$2,Valores!$H$2:$P$154,8,0) -> 48882.781 | ... DX9: =SUMIF($C$2:$F$2,EOMONTH(DX$2,-1)+1,$C9:$F9)*VLOOKUP(DX$2,Valores!$H$2:$P$154,8,0) -> #VALUE!
A10: Ripley | B10: Arica | C10: 1605177 | D10: 1444659.3 | E10: 1300193.4 | F10: 1170174 | G10: =SUMIF($C$2:$F$2,EOMONTH(G$2,-1)+1,$C10:$F10)*VLOOKUP(G$2,Valores!$H$2:$P$154,8,0) -> 46224.449 | H10: =SUMIF($C$2:$F$2,EOMONTH(H$2,-1)+1,$C10:$F10)*VLOOKUP(H$2,Valores!$H$2:$P$154,8,0) -> 31696.765 | I10: =SUMIF($C$2:$F$2,EOMONTH(I$2,-1)+1,$C10:$F10)*VLOOKUP(I$2,Valores!$H$2:$P$154,8,0) -> 31696.765 | J10: =SUMIF($C$2:$F$2,EOMONTH(J$2,-1)+1,$C10:$F10)*VLOOKUP(J$2,Valores!$H$2:$P$154,8,0) -> 31696.765 | K10: =SUMIF($C$2:$F$2,EOMONTH(K$2,-1)+1,$C10:$F10)*VLOOKUP(K$2,Valores!$H$2:$P$154,8,0) -> 31696.765 | L10: =SUMIF($C$2:$F$2,EOMONTH(L$2,-1)+1,$C10:$F10)*VLOOKUP(L$2,Valores!$H$2:$P$154,8,0) -> 63393.53 | M10: =SUMIF($C$2:$F$2,EOMONTH(M$2,-1)+1,$C10:$F10)*VLOOKUP(M$2,Valores!$H$2:$P$154,8,0) -> 79241.912 | N10: =SUMIF($C$2:$F$2,EOMONTH(N$2,-1)+1,$C10:$F10)*VLOOKUP(N$2,Valores!$H$2:$P$154,8,0) -> 47545.147 | ... DX10: =SUMIF($C$2:$F$2,EOMONTH(DX$2,-1)+1,$C10:$F10)*VLOOKUP(DX$2,Valores!$H$2:$P$154,8,0) -> #VALUE!
A11: Ripley | B11: Copiapo | C11: 1512890 | D11: 1361601 | E11: 1225440.9 | F11: 1102896.8 | G11: =SUMIF($C$2:$F$2,EOMONTH(G$2,-1)+1,$C11:$F11)*VLOOKUP(G$2,Valores!$H$2:$P$154,8,0) -> 43566.85 | H11: =SUMIF($C$2:$F$2,EOMONTH(H$2,-1)+1,$C11:$F11)*VLOOKUP(H$2,Valores!$H$2:$P$154,8,0) -> 29874.412 | I11: =SUMIF($C$2:$F$2,EOMONTH(I$2,-1)+1,$C11:$F11)*VLOOKUP(I$2,Valores!$H$2:$P$154,8,0) -> 29874.412 | J11: =SUMIF($C$2:$F$2,EOMONTH(J$2,-1)+1,$C11:$F11)*VLOOKUP(J$2,Valores!$H$2:$P$154,8,0) -> 29874.412 | K11: =SUMIF($C$2:$F$2,EOMONTH(K$2,-1)+1,$C11:$F11)*VLOOKUP(K$2,Valores!$H$2:$P$154,8,0) -> 29874.412 | L11: =SUMIF($C$2:$F$2,EOMONTH(L$2,-1)+1,$C11:$F11)*VLOOKUP(L$2,Valores!$H$2:$P$154,8,0) -> 59748.823 | M11: =SUMIF($C$2:$F$2,EOMONTH(M$2,-1)+1,$C11:$F11)*VLOOKUP(M$2,Valores!$H$2:$P$154,8,0) -> 74686.029 | N11: =SUMIF($C$2:$F$2,EOMONTH(N$2,-1)+1,$C11:$F11)*VLOOKUP(N$2,Valores!$H$2:$P$154,8,0) -> 44811.618 | ... DX11: =SUMIF($C$2:$F$2,EOMONTH(DX$2,-1)+1,$C11:$F11)*VLOOKUP(DX$2,Valores!$H$2:$P$154,8,0) -> #VALUE!
A12: Ripley | B12: Antofagasta | C12: 1711581 | D12: 1540422.9 | E12: 1386380.6 | F12: 1247742.5 | G12: =SUMIF($C$2:$F$2,EOMONTH(G$2,-1)+1,$C12:$F12)*VLOOKUP(G$2,Valores!$H$2:$P$154,8,0) -> 49288.576 | H12: =SUMIF($C$2:$F$2,EOMONTH(H$2,-1)+1,$C12:$F12)*VLOOKUP(H$2,Valores!$H$2:$P$154,8,0) -> 33797.881 | I12: =SUMIF($C$2:$F$2,EOMONTH(I$2,-1)+1,$C12:$F12)*VLOOKUP(I$2,Valores!$H$2:$P$154,8,0) -> 33797.881 | J12: =SUMIF($C$2:$F$2,EOMONTH(J$2,-1)+1,$C12:$F12)*VLOOKUP(J$2,Valores!$H$2:$P$154,8,0) -> 33797.881 | K12: =SUMIF($C$2:$F$2,EOMONTH(K$2,-1)+1,$C12:$F12)*VLOOKUP(K$2,Valores!$H$2:$P$154,8,0) -> 33797.881 | L12: =SUMIF($C$2:$F$2,EOMONTH(L$2,-1)+1,$C12:$F12)*VLOOKUP(L$2,Valores!$H$2:$P$154,8,0) -> 67595.761 | M12: =SUMIF($C$2:$F$2,EOMONTH(M$2,-1)+1,$C12:$F12)*VLOOKUP(M$2,Valores!$H$2:$P$154,8,0) -> 84494.701 | N12: =SUMIF($C$2:$F$2,EOMONTH(N$2,-1)+1,$C12:$F12)*VLOOKUP(N$2,Valores!$H$2:$P$154,8,0) -> 50696.821 | ... DX12: =SUMIF($C$2:$F$2,EOMONTH(DX$2,-1)+1,$C12:$F12)*VLOOKUP(DX$2,Valores!$H$2:$P$154,8,0) -> #VALUE!
A13: Ripley | B13: Mall Concepcion | C13: 1379235 | D13: 1241311.5 | E13: 1117180.4 | F13: 1005462.3 | G13: =SUMIF($C$2:$F$2,EOMONTH(G$2,-1)+1,$C13:$F13)*VLOOKUP(G$2,Valores!$H$2:$P$154,8,0) -> 39717.974 | H13: =SUMIF($C$2:$F$2,EOMONTH(H$2,-1)+1,$C13:$F13)*VLOOKUP(H$2,Valores!$H$2:$P$154,8,0) -> 27235.182 | I13: =SUMIF($C$2:$F$2,EOMONTH(I$2,-1)+1,$C13:$F13)*VLOOKUP(I$2,Valores!$H$2:$P$154,8,0) -> 27235.182 | J13: =SUMIF($C$2:$F$2,EOMONTH(J$2,-1)+1,$C13:$F13)*VLOOKUP(J$2,Valores!$H$2:$P$154,8,0) -> 27235.182 | K13: =SUMIF($C$2:$F$2,EOMONTH(K$2,-1)+1,$C13:$F13)*VLOOKUP(K$2,Valores!$H$2:$P$154,8,0) -> 27235.182 | L13: =SUMIF($C$2:$F$2,EOMONTH(L$2,-1)+1,$C13:$F13)*VLOOKUP(L$2,Valores!$H$2:$P$154,8,0) -> 54470.364 | M13: =SUMIF($C$2:$F$2,EOMONTH(M$2,-1)+1,$C13:$F13)*VLOOKUP(M$2,Valores!$H$2:$P$154,8,0) -> 68087.955 | N13: =SUMIF($C$2:$F$2,EOMONTH(N$2,-1)+1,$C13:$F13)*VLOOKUP(N$2,Valores!$H$2:$P$154,8,0) -> 40852.773 | ... DX13: =SUMIF($C$2:$F$2,EOMONTH(DX$2,-1)+1,$C13:$F13)*VLOOKUP(DX$2,Valores!$H$2:$P$154,8,0) -> #VALUE!
A14: Ripley | B14: Rancagua | C14: 1286417 | D14: 1157775.3 | E14: 1041997.8 | F14: 937797.99 | G14: =SUMIF($C$2:$F$2,EOMONTH(G$2,-1)+1,$C14:$F14)*VLOOKUP(G$2,Valores!$H$2:$P$154,8,0) -> 37045.084 | H14: =SUMIF($C$2:$F$2,EOMONTH(H$2,-1)+1,$C14:$F14)*VLOOKUP(H$2,Valores!$H$2:$P$154,8,0) -> 25402.343 | I14: =SUMIF($C$2:$F$2,EOMONTH(I$2,-1)+1,$C14:$F14)*VLOOKUP(I$2,Valores!$H$2:$P$154,8,0) -> 25402.343 | J14: =SUMIF($C$2:$F$2,EOMONTH(J$2,-1)+1,$C14:$F14)*VLOOKUP(J$2,Valores!$H$2:$P$154,8,0) -> 25402.343 | K14: =SUMIF($C$2:$F$2,EOMONTH(K$2,-1)+1,$C14:$F14)*VLOOKUP(K$2,Valores!$H$2:$P$154,8,0) -> 25402.343 | L14: =SUMIF($C$2:$F$2,EOMONTH(L$2,-1)+1,$C14:$F14)*VLOOKUP(L$2,Valores!$H$2:$P$154,8,0) -> 50804.687 | M14: =SUMIF($C$2:$F$2,EOMONTH(M$2,-1)+1,$C14:$F14)*VLOOKUP(M$2,Valores!$H$2:$P$154,8,0) -> 63505.858 | N14: =SUMIF($C$2:$F$2,EOMONTH(N$2,-1)+1,$C14:$F14)*VLOOKUP(N$2,Valores!$H$2:$P$154,8,0) -> 38103.515 | ... DX14: =SUMIF($C$2:$F$2,EOMONTH(DX$2,-1)+1,$C14:$F14)*VLOOKUP(DX$2,Valores!$H$2:$P$154,8,0) -> #VALUE!
... A94: Johnson | B94: Johnson Linares | C94: 340004 | D94: 306003.6 | E94: 275403.24 | F94: 247862.92 | G94: =SUMIF($C$2:$F$2,EOMONTH(G$2,-1)+1,$C94:$F94)*VLOOKUP(G$2,Valores!$H$2:$P$154,8,0) -> 9791.1305 | H94: =SUMIF($C$2:$F$2,EOMONTH(H$2,-1)+1,$C94:$F94)*VLOOKUP(H$2,Valores!$H$2:$P$154,8,0) -> 6713.9181 | I94: =SUMIF($C$2:$F$2,EOMONTH(I$2,-1)+1,$C94:$F94)*VLOOKUP(I$2,Valores!$H$2:$P$154,8,0) -> 6713.9181 | J94: =SUMIF($C$2:$F$2,EOMONTH(J$2,-1)+1,$C94:$F94)*VLOOKUP(J$2,Valores!$H$2:$P$154,8,0) -> 6713.9181 | K94: =SUMIF($C$2:$F$2,EOMONTH(K$2,-1)+1,$C94:$F94)*VLOOKUP(K$2,Valores!$H$2:$P$154,8,0) -> 6713.9181 | L94: =SUMIF($C$2:$F$2,EOMONTH(L$2,-1)+1,$C94:$F94)*VLOOKUP(L$2,Valores!$H$2:$P$154,8,0) -> 13427.836 | M94: =SUMIF($C$2:$F$2,EOMONTH(M$2,-1)+1,$C94:$F94)*VLOOKUP(M$2,Valores!$H$2:$P$154,8,0) -> 16784.795 | N94: =SUMIF($C$2:$F$2,EOMONTH(N$2,-1)+1,$C94:$F94)*VLOOKUP(N$2,Valores!$H$2:$P$154,8,0) -> 10070.877 | ... DX94: =SUMIF($C$2:$F$2,EOMONTH(DX$2,-1)+1,$C94:$F94)*VLOOKUP(DX$2,Valores!$H$2:$P$154,8,0) -> #VALUE!
G95: =SUMIF($C$2:$F$2,EOMONTH(G$2,-1)+1,$C95:$F95)*VLOOKUP(G$2,Valores!$H$2:$P$154,8,0) -> 0 | H95: =SUMIF($C$2:$F$2,EOMONTH(H$2,-1)+1,$C95:$F95)*VLOOKUP(H$2,Valores!$H$2:$P$154,8,0) -> 0 | I95: =SUMIF($C$2:$F$2,EOMONTH(I$2,-1)+1,$C95:$F95)*VLOOKUP(I$2,Valores!$H$2:$P$154,8,0) -> 0 | J95: =SUMIF($C$2:$F$2,EOMONTH(J$2,-1)+1,$C95:$F95)*VLOOKUP(J$2,Valores!$H$2:$P$154,8,0) -> 0 | K95: =SUMIF($C$2:$F$2,EOMONTH(K$2,-1)+1,$C95:$F95)*VLOOKUP(K$2,Valores!$H$2:$P$154,8,0) -> 0 | L95: =SUMIF($C$2:$F$2,EOMONTH(L$2,-1)+1,$C95:$F95)*VLOOKUP(L$2,Valores!$H$2:$P$154,8,0) -> 0 | M95: =SUMIF($C$2:$F$2,EOMONTH(M$2,-1)+1,$C95:$F95)*VLOOKUP(M$2,Valores!$H$2:$P$154,8,0) -> 0 | N95: =SUMIF($C$2:$F$2,EOMONTH(N$2,-1)+1,$C95:$F95)*VLOOKUP(N$2,Valores!$H$2:$P$154,8,0) -> 0 | ... DX95: =SUMIF($C$2:$F$2,EOMONTH(DX$2,-1)+1,$C95:$F95)*VLOOKUP(DX$2,Valores!$H$2:$P$154,8,0) -> #VALUE!
G96: =SUMIF($C$2:$F$2,EOMONTH(G$2,-1)+1,$C96:$F96)*VLOOKUP(G$2,Valores!$H$2:$P$154,8,0) -> 0 | H96: =SUMIF($C$2:$F$2,EOMONTH(H$2,-1)+1,$C96:$F96)*VLOOKUP(H$2,Valores!$H$2:$P$154,8,0) -> 0 | I96: =SUMIF($C$2:$F$2,EOMONTH(I$2,-1)+1,$C96:$F96)*VLOOKUP(I$2,Valores!$H$2:$P$154,8,0) -> 0 | J96: =SUMIF($C$2:$F$2,EOMONTH(J$2,-1)+1,$C96:$F96)*VLOOKUP(J$2,Valores!$H$2:$P$154,8,0) -> 0 | K96: =SUMIF($C$2:$F$2,EOMONTH(K$2,-1)+1,$C96:$F96)*VLOOKUP(K$2,Valores!$H$2:$P$154,8,0) -> 0 | L96: =SUMIF($C$2:$F$2,EOMONTH(L$2,-1)+1,$C96:$F96)*VLOOKUP(L$2,Valores!$H$2:$P$154,8,0) -> 0 | M96: =SUMIF($C$2:$F$2,EOMONTH(M$2,-1)+1,$C96:$F96)*VLOOKUP(M$2,Valores!$H$2:$P$154,8,0) -> 0 | N96: =SUMIF($C$2:$F$2,EOMONTH(N$2,-1)+1,$C96:$F96)*VLOOKUP(N$2,Valores!$H$2:$P$154,8,0) -> 0 | ... DX96: =SUMIF($C$2:$F$2,EOMONTH(DX$2,-1)+1,$C96:$F96)*VLOOKUP(DX$2,Valores!$H$2:$P$154,8,0) -> #VALUE!
G97: =SUMIF($C$2:$F$2,EOMONTH(G$2,-1)+1,$C97:$F97)*VLOOKUP(G$2,Valores!$H$2:$P$154,8,0) -> 0 | H97: =SUMIF($C$2:$F$2,EOMONTH(H$2,-1)+1,$C97:$F97)*VLOOKUP(H$2,Valores!$H$2:$P$154,8,0) -> 0 | I97: =SUMIF($C$2:$F$2,EOMONTH(I$2,-1)+1,$C97:$F97)*VLOOKUP(I$2,Valores!$H$2:$P$154,8,0) -> 0 | J97: =SUMIF($C$2:$F$2,EOMONTH(J$2,-1)+1,$C97:$F97)*VLOOKUP(J$2,Valores!$H$2:$P$154,8,0) -> 0 | K97: =SUMIF($C$2:$F$2,EOMONTH(K$2,-1)+1,$C97:$F97)*VLOOKUP(K$2,Valores!$H$2:$P$154,8,0) -> 0 | L97: =SUMIF($C$2:$F$2,EOMONTH(L$2,-1)+1,$C97:$F97)*VLOOKUP(L$2,Valores!$H$2:$P$154,8,0) -> 0 | M97: =SUMIF($C$2:$F$2,EOMONTH(M$2,-1)+1,$C97:$F97)*VLOOKUP(M$2,Valores!$H$2:$P$154,8,0) -> 0 | N97: =SUMIF($C$2:$F$2,EOMONTH(N$2,-1)+1,$C97:$F97)*VLOOKUP(N$2,Valores!$H$2:$P$154,8,0) -> 0 | ... DX97: =SUMIF($C$2:$F$2,EOMONTH(DX$2,-1)+1,$C97:$F97)*VLOOKUP(DX$2,Valores!$H$2:$P$154,8,0) -> #VALUE!
G98: =SUMIF($C$2:$F$2,EOMONTH(G$2,-1)+1,$C98:$F98)*VLOOKUP(G$2,Valores!$H$2:$P$154,8,0) -> 0 | H98: =SUMIF($C$2:$F$2,EOMONTH(H$2,-1)+1,$C98:$F98)*VLOOKUP(H$2,Valores!$H$2:$P$154,8,0) -> 0 | I98: =SUMIF($C$2:$F$2,EOMONTH(I$2,-1)+1,$C98:$F98)*VLOOKUP(I$2,Valores!$H$2:$P$154,8,0) -> 0 | J98: =SUMIF($C$2:$F$2,EOMONTH(J$2,-1)+1,$C98:$F98)*VLOOKUP(J$2,Valores!$H$2:$P$154,8,0) -> 0 | K98: =SUMIF($C$2:$F$2,EOMONTH(K$2,-1)+1,$C98:$F98)*VLOOKUP(K$2,Valores!$H$2:$P$154,8,0) -> 0 | L98: =SUMIF($C$2:$F$2,EOMONTH(L$2,-1)+1,$C98:$F98)*VLOOKUP(L$2,Valores!$H$2:$P$154,8,0) -> 0 | M98: =SUMIF($C$2:$F$2,EOMONTH(M$2,-1)+1,$C98:$F98)*VLOOKUP(M$2,Valores!$H$2:$P$154,8,0) -> 0 | N98: =SUMIF($C$2:$F$2,EOMONTH(N$2,-1)+1,$C98:$F98)*VLOOKUP(N$2,Valores!$H$2:$P$154,8,0) -> 0 | ... DX98: =SUMIF($C$2:$F$2,EOMONTH(DX$2,-1)+1,$C98:$F98)*VLOOKUP(DX$2,Valores!$H$2:$P$154,8,0) -> #VALUE!
G99: =SUMIF($C$2:$F$2,EOMONTH(G$2,-1)+1,$C99:$F99)*VLOOKUP(G$2,Valores!$H$2:$P$154,8,0) -> 0 | H99: =SUMIF($C$2:$F$2,EOMONTH(H$2,-1)+1,$C99:$F99)*VLOOKUP(H$2,Valores!$H$2:$P$154,8,0) -> 0 | I99: =SUMIF($C$2:$F$2,EOMONTH(I$2,-1)+1,$C99:$F99)*VLOOKUP(I$2,Valores!$H$2:$P$154,8,0) -> 0 | J99: =SUMIF($C$2:$F$2,EOMONTH(J$2,-1)+1,$C99:$F99)*VLOOKUP(J$2,Valores!$H$2:$P$154,8,0) -> 0 | K99: =SUMIF($C$2:$F$2,EOMONTH(K$2,-1)+1,$C99:$F99)*VLOOKUP(K$2,Valores!$H$2:$P$154,8,0) -> 0 | L99: =SUMIF($C$2:$F$2,EOMONTH(L$2,-1)+1,$C99:$F99)*VLOOKUP(L$2,Valores!$H$2:$P$154,8,0) -> 0 | M99: =SUMIF($C$2:$F$2,EOMONTH(M$2,-1)+1,$C99:$F99)*VLOOKUP(M$2,Valores!$H$2:$P$154,8,0) -> 0 | N99: =SUMIF($C$2:$F$2,EOMONTH(N$2,-1)+1,$C99:$F99)*VLOOKUP(N$2,Valores!$H$2:$P$154,8,0) -> 0 | ... DX99: =SUMIF($C$2:$F$2,EOMONTH(DX$2,-1)+1,$C99:$F99)*VLOOKUP(DX$2,Valores!$H$2:$P$154,8,0) -> #VALUE!
G100: =SUMIF($C$2:$F$2,EOMONTH(G$2,-1)+1,$C100:$F100)*VLOOKUP(G$2,Valores!$H$2:$P$154,8,0) -> 0 | H100: =SUMIF($C$2:$F$2,EOMONTH(H$2,-1)+1,$C100:$F100)*VLOOKUP(H$2,Valores!$H$2:$P$154,8,0) -> 0 | I100: =SUMIF($C$2:$F$2,EOMONTH(I$2,-1)+1,$C100:$F100)*VLOOKUP(I$2,Valores!$H$2:$P$154,8,0) -> 0 | J100: =SUMIF($C$2:$F$2,EOMONTH(J$2,-1)+1,$C100:$F100)*VLOOKUP(J$2,Valores!$H$2:$P$154,8,0) -> 0 | K100: =SUMIF($C$2:$F$2,EOMONTH(K$2,-1)+1,$C100:$F100)*VLOOKUP(K$2,Valores!$H$2:$P$154,8,0) -> 0 | L100: =SUMIF($C$2:$F$2,EOMONTH(L$2,-1)+1,$C100:$F100)*VLOOKUP(L$2,Valores!$H$2:$P$154,8,0) -> 0 | M100: =SUMIF($C$2:$F$2,EOMONTH(M$2,-1)+1,$C100:$F100)*VLOOKUP(M$2,Valores!$H$2:$P$154,8,0) -> 0 | N100: =SUMIF($C$2:$F$2,EOMONTH(N$2,-1)+1,$C100:$F100)*VLOOKUP(N$2,Valores!$H$2:$P$154,8,0) -> 0 | ... DX100: =SUMIF($C$2:$F$2,EOMONTH(DX$2,-1)+1,$C100:$F100)*VLOOKUP(DX$2,Valores!$H$2:$P$154,8,0) -> #VALUE!
G101: =SUMIF($C$2:$F$2,EOMONTH(G$2,-1)+1,$C101:$F101)*VLOOKUP(G$2,Valores!$H$2:$P$154,8,0) -> 0 | H101: =SUMIF($C$2:$F$2,EOMONTH(H$2,-1)+1,$C101:$F101)*VLOOKUP(H$2,Valores!$H$2:$P$154,8,0) -> 0 | I101: =SUMIF($C$2:$F$2,EOMONTH(I$2,-1)+1,$C101:$F101)*VLOOKUP(I$2,Valores!$H$2:$P$154,8,0) -> 0 | J101: =SUMIF($C$2:$F$2,EOMONTH(J$2,-1)+1,$C101:$F101)*VLOOKUP(J$2,Valores!$H$2:$P$154,8,0) -> 0 | K101: =SUMIF($C$2:$F$2,EOMONTH(K$2,-1)+1,$C101:$F101)*VLOOKUP(K$2,Valores!$H$2:$P$154,8,0) -> 0 | L101: =SUMIF($C$2:$F$2,EOMONTH(L$2,-1)+1,$C101:$F101)*VLOOKUP(L$2,Valores!$H$2:$P$154,8,0) -> 0 | M101: =SUMIF($C$2:$F$2,EOMONTH(M$2,-1)+1,$C101:$F101)*VLOOKUP(M$2,Valores!$H$2:$P$154,8,0) -> 0 | N101: =SUMIF($C$2:$F$2,EOMONTH(N$2,-1)+1,$C101:$F101)*VLOOKUP(N$2,Valores!$H$2:$P$154,8,0) -> 0 | ... DX101: =SUMIF($C$2:$F$2,EOMONTH(DX$2,-1)+1,$C101:$F101)*VLOOKUP(DX$2,Valores!$H$2:$P$154,8,0) -> #VALUE!
G102: =SUMIF($C$2:$F$2,EOMONTH(G$2,-1)+1,$C102:$F102)*VLOOKUP(G$2,Valores!$H$2:$P$154,8,0) -> 0 | H102: =SUMIF($C$2:$F$2,EOMONTH(H$2,-1)+1,$C102:$F102)*VLOOKUP(H$2,Valores!$H$2:$P$154,8,0) -> 0 | I102: =SUMIF($C$2:$F$2,EOMONTH(I$2,-1)+1,$C102:$F102)*VLOOKUP(I$2,Valores!$H$2:$P$154,8,0) -> 0 | J102: =SUMIF($C$2:$F$2,EOMONTH(J$2,-1)+1,$C102:$F102)*VLOOKUP(J$2,Valores!$H$2:$P$154,8,0) -> 0 | K102: =SUMIF($C$2:$F$2,EOMONTH(K$2,-1)+1,$C102:$F102)*VLOOKUP(K$2,Valores!$H$2:$P$154,8,0) -> 0 | L102: =SUMIF($C$2:$F$2,EOMONTH(L$2,-1)+1,$C102:$F102)*VLOOKUP(L$2,Valores!$H$2:$P$154,8,0) -> 0 | M102: =SUMIF($C$2:$F$2,EOMONTH(M$2,-1)+1,$C102:$F102)*VLOOKUP(M$2,Valores!$H$2:$P$154,8,0) -> 0 | N102: =SUMIF($C$2:$F$2,EOMONTH(N$2,-1)+1,$C102:$F102)*VLOOKUP(N$2,Valores!$H$2:$P$154,8,0) -> 0 | ... DX102: =SUMIF($C$2:$F$2,EOMONTH(DX$2,-1)+1,$C102:$F102)*VLOOKUP(DX$2,Valores!$H$2:$P$154,8,0) -> #VALUE!
G103: =SUMIF($C$2:$F$2,EOMONTH(G$2,-1)+1,$C103:$F103)*VLOOKUP(G$2,Valores!$H$2:$P$154,8,0) -> 0 | H103: =SUMIF($C$2:$F$2,EOMONTH(H$2,-1)+1,$C103:$F103)*VLOOKUP(H$2,Valores!$H$2:$P$154,8,0) -> 0 | I103: =SUMIF($C$2:$F$2,EOMONTH(I$2,-1)+1,$C103:$F103)*VLOOKUP(I$2,Valores!$H$2:$P$154,8,0) -> 0 | J103: =SUMIF($C$2:$F$2,EOMONTH(J$2,-1)+1,$C103:$F103)*VLOOKUP(J$2,Valores!$H$2:$P$154,8,0) -> 0 | K103: =SUMIF($C$2:$F$2,EOMONTH(K$2,-1)+1,$C103:$F103)*VLOOKUP(K$2,Valores!$H$2:$P$154,8,0) -> 0 | L103: =SUMIF($C$2:$F$2,EOMONTH(L$2,-1)+1,$C103:$F103)*VLOOKUP(L$2,Valores!$H$2:$P$154,8,0) -> 0 | M103: =SUMIF($C$2:$F$2,EOMONTH(M$2,-1)+1,$C103:$F103)*VLOOKUP(M$2,Valores!$H$2:$P$154,8,0) -> 0 | N103: =SUMIF($C$2:$F$2,EOMONTH(N$2,-1)+1,$C103:$F103)*VLOOKUP(N$2,Valores!$H$2:$P$154,8,0) -> 0 | ... DX103: =SUMIF($C$2:$F$2,EOMONTH(DX$2,-1)+1,$C103:$F103)*VLOOKUP(DX$2,Valores!$H$2:$P$154,8,0) -> #VALUE!
G104: =SUMIF($C$2:$F$2,EOMONTH(G$2,-1)+1,$C104:$F104)*VLOOKUP(G$2,Valores!$H$2:$P$154,8,0) -> 0 | H104: =SUMIF($C$2:$F$2,EOMONTH(H$2,-1)+1,$C104:$F104)*VLOOKUP(H$2,Valores!$H$2:$P$154,8,0) -> 0 | I104: =SUMIF($C$2:$F$2,EOMONTH(I$2,-1)+1,$C104:$F104)*VLOOKUP(I$2,Valores!$H$2:$P$154,8,0) -> 0 | J104: =SUMIF($C$2:$F$2,EOMONTH(J$2,-1)+1,$C104:$F104)*VLOOKUP(J$2,Valores!$H$2:$P$154,8,0) -> 0 | K104: =SUMIF($C$2:$F$2,EOMONTH(K$2,-1)+1,$C104:$F104)*VLOOKUP(K$2,Valores!$H$2:$P$154,8,0) -> 0 | L104: =SUMIF($C$2:$F$2,EOMONTH(L$2,-1)+1,$C104:$F104)*VLOOKUP(L$2,Valores!$H$2:$P$154,8,0) -> 0 | M104: =SUMIF($C$2:$F$2,EOMONTH(M$2,-1)+1,$C104:$F104)*VLOOKUP(M$2,Valores!$H$2:$P$154,8,0) -> 0 | N104: =SUMIF($C$2:$F$2,EOMONTH(N$2,-1)+1,$C104:$F104)*VLOOKUP(N$2,Valores!$H$2:$P$154,8,0) -> 0 | ... DX104: =SUMIF($C$2:$F$2,EOMONTH(DX$2,-1)+1,$C104:$F104)*VLOOKUP(DX$2,Valores!$H$2:$P$154,8,0) -> #VALUE!
G105: =SUMIF($C$2:$F$2,EOMONTH(G$2,-1)+1,$C105:$F105)*VLOOKUP(G$2,Valores!$H$2:$P$154,8,0) -> 0 | H105: =SUMIF($C$2:$F$2,EOMONTH(H$2,-1)+1,$C105:$F105)*VLOOKUP(H$2,Valores!$H$2:$P$154,8,0) -> 0 | I105: =SUMIF($C$2:$F$2,EOMONTH(I$2,-1)+1,$C105:$F105)*VLOOKUP(I$2,Valores!$H$2:$P$154,8,0) -> 0 | J105: =SUMIF($C$2:$F$2,EOMONTH(J$2,-1)+1,$C105:$F105)*VLOOKUP(J$2,Valores!$H$2:$P$154,8,0) -> 0 | K105: =SUMIF($C$2:$F$2,EOMONTH(K$2,-1)+1,$C105:$F105)*VLOOKUP(K$2,Valores!$H$2:$P$154,8,0) -> 0 | L105: =SUMIF($C$2:$F$2,EOMONTH(L$2,-1)+1,$C105:$F105)*VLOOKUP(L$2,Valores!$H$2:$P$154,8,0) -> 0 | M105: =SUMIF($C$2:$F$2,EOMONTH(M$2,-1)+1,$C105:$F105)*VLOOKUP(M$2,Valores!$H$2:$P$154,8,0) -> 0 | N105: =SUMIF($C$2:$F$2,EOMONTH(N$2,-1)+1,$C105:$F105)*VLOOKUP(N$2,Valores!$H$2:$P$154,8,0) -> 0 | ... DX105: =SUMIF($C$2:$F$2,EOMONTH(DX$2,-1)+1,$C105:$F105)*VLOOKUP(DX$2,Valores!$H$2:$P$154,8,0) -> #VALUE!
G106: =SUMIF($C$2:$F$2,EOMONTH(G$2,-1)+1,$C106:$F106)*VLOOKUP(G$2,Valores!$H$2:$P$154,8,0) -> 0 | H106: =SUMIF($C$2:$F$2,EOMONTH(H$2,-1)+1,$C106:$F106)*VLOOKUP(H$2,Valores!$H$2:$P$154,8,0) -> 0 | I106: =SUMIF($C$2:$F$2,EOMONTH(I$2,-1)+1,$C106:$F106)*VLOOKUP(I$2,Valores!$H$2:$P$154,8,0) -> 0 | J106: =SUMIF($C$2:$F$2,EOMONTH(J$2,-1)+1,$C106:$F106)*VLOOKUP(J$2,Valores!$H$2:$P$154,8,0) -> 0 | K106: =SUMIF($C$2:$F$2,EOMONTH(K$2,-1)+1,$C106:$F106)*VLOOKUP(K$2,Valores!$H$2:$P$154,8,0) -> 0 | L106: =SUMIF($C$2:$F$2,EOMONTH(L$2,-1)+1,$C106:$F106)*VLOOKUP(L$2,Valores!$H$2:$P$154,8,0) -> 0 | M106: =SUMIF($C$2:$F$2,EOMONTH(M$2,-1)+1,$C106:$F106)*VLOOKUP(M$2,Valores!$H$2:$P$154,8,0) -> 0 | N106: =SUMIF($C$2:$F$2,EOMONTH(N$2,-1)+1,$C106:$F106)*VLOOKUP(N$2,Valores!$H$2:$P$154,8,0) -> 0 | ... DX106: =SUMIF($C$2:$F$2,EOMONTH(DX$2,-1)+1,$C106:$F106)*VLOOKUP(DX$2,Valores!$H$2:$P$154,8,0) -> #VALUE!
... G163: =SUMIF($C$2:$F$2,EOMONTH(G$2,-1)+1,$C163:$F163)*VLOOKUP(G$2,Valores!$H$2:$P$154,8,0) -> 0 | H163: =SUMIF($C$2:$F$2,EOMONTH(H$2,-1)+1,$C163:$F163)*VLOOKUP(H$2,Valores!$H$2:$P$154,8,0) -> 0 | I163: =SUMIF($C$2:$F$2,EOMONTH(I$2,-1)+1,$C163:$F163)*VLOOKUP(I$2,Valores!$H$2:$P$154,8,0) -> 0 | J163: =SUMIF($C$2:$F$2,EOMONTH(J$2,-1)+1,$C163:$F163)*VLOOKUP(J$2,Valores!$H$2:$P$154,8,0) -> 0 | K163: =SUMIF($C$2:$F$2,EOMONTH(K$2,-1)+1,$C163:$F163)*VLOOKUP(K$2,Valores!$H$2:$P$154,8,0) -> 0 | L163: =SUMIF($C$2:$F$2,EOMONTH(L$2,-1)+1,$C163:$F163)*VLOOKUP(L$2,Valores!$H$2:$P$154,8,0) -> 0 | M163: =SUMIF($C$2:$F$2,EOMONTH(M$2,-1)+1,$C163:$F163)*VLOOKUP(M$2,Valores!$H$2:$P$154,8,0) -> 0 | N163: =SUMIF($C$2:$F$2,EOMONTH(N$2,-1)+1,$C163:$F163)*VLOOKUP(N$2,Valores!$H$2:$P$154,8,0) -> 0 | ... DX163: =SUMIF($C$2:$F$2,EOMONTH(DX$2,-1)+1,$C163:$F163)*VLOOKUP(DX$2,Valores!$H$2:$P$154,8,0) -> #VALUE!
